"","FID","Shape *","Serial","Lat","Long","GWL18","Type","Aspect","Curvature","Drainage_density","Elevation","Distance_from_stream","Lithology","Plan_curvature","Profile_curvature","Slope_degree","SPI1","STI1","TWI1","TRI","Sy"
"1",18,"Point",19,24.9753,90.484,6.5,"BADC",161.565,-0.108158,0.139488,15,3306.54,6,0,0.108158,0.744795,6.967606,12.263293,11.353083,11.6619,0.060038
"2",19,"Point",20,24.9696,90.4214,6.5,"BADC",135,0,0.129343,16,2241.78,6,0,0,0.333097,4.689982,1.958954,10.411777,12,0.067077
"3",25,"Point",26,24.8895,90.4715,6.5,"BADC",153.435,-0.108158,0.086179,14,3661.97,6,0,0.108158,1.05324,5.461828,6.177608,9.224769,7.74597,0.071021
"4",26,"Point",27,24.8627,90.2892,5.95,"BADC",270,0.648945,0.072602,16,210,14,0,-0.648945,7.49418,5.480577,3.022029,5.46816,15.5885,0.086087
"5",29,"Point",30,24.847,90.5415,5.35,"BADC",-1,0,0.087897,13,3354.1,5,0,0,0,1.144731,0.083679,9.798127,5.19615,0.069981
"6",30,"Point",31,24.8352,90.3659,6.2,"BADC",-1,0,0.062633,18,4636.43,6,0,0,0,2.531025,0.192243,11.184421,12.3288,0.081
"7",33,"Point",34,24.8116,90.6111,5.55,"BADC",135,0,0.066671,15,2596,16,0,0,0.333097,1.917393,0.371152,7.639188,10.9545,0.071629
"8",42,"Point",43,24.7416,90.6304,5.1,"BADC",18.4349,-0.108158,0.042049,13,180,16,0,0.108158,0.744795,3.278726,1.340822,7.664203,13.8564,0.076679
"9",46,"Point",47,24.7017,90.4797,5.2,"BADC",239.036,0.108158,0.077392,19,997.246,14,0.064894,-0.043263,1.37315,3.141791,1.82245,6.414992,12.3288,0.079486
"10",49,"Point",50,24.707,90.4376,6.2,"BADC",-1,0,0.079783,15,1548.71,14,0,0,0,6.882915,2.617288,15.536311,11.6619,0.077865
"11",52,"Point",53,24.6934,90.6851,6.2,"BADC",-1,0,0.058803,13,7385.24,16,0,0,0,2.531025,0.192243,11.184421,10.9545,0.074543
"12",90,"Point",91,24.5203,90.3217,13.3,"BADC",-1,0,0.110679,13,1629.97,6,0,0,0,5.178972,0.94155,13.832368,7.48331,0.050513
"13",105,"Point",106,24.4093,90.4681,14.66,"BADC",225,0.108158,0.141074,14,2270.7,6,0,-0.108158,0.333097,1.917393,0.371152,7.639188,8.66025,0.048476
"14",147,"Point",148,24.1776,90.1119,5.4,"BADC",36.8699,0,0.112362,11,1755.7,20,0.118973,0.118973,2.35405,3.652519,3.537306,5.904655,12.49,0.060204
"15",151,"Point",152,24.1553,90.0465,4.85,"BADC",-1,0,0.107547,11,3143.56,16,0,0,0,1.837878,0.126833,10.491274,6.9282,0.075245
"16",192,"Point",193,24.9384,91.7777,6.73,"BADC",-1,0,0.087142,13,7393.22,16,0,0,0,1.144731,0.083679,9.798127,12.4499,0.029996
"17",193,"Point",194,24.9311,91.8065,5.88,"BADC",26.5651,-0.108158,0.067153,18,8529.4,16,-0.216315,-0.108158,1.05324,4.283173,3.045722,8.046114,15.1987,0.030977
"18",199,"Point",200,24.8828,91.8418,7.11,"BADC",78.6901,-0.108158,0.021982,21,7170.25,16,-0.064894,0.043263,1.20084,3.01735,1.550384,6.539385,17.4356,0.032136
"19",201,"Point",202,24.8734,91.8559,7.36,"BADC",146.31,0.108158,0.019472,22,7878.36,16,0.086526,-0.021632,1.69799,3.341166,2.361172,6.215725,18.735,0.032136
"20",206,"Point",207,24.8485,91.8456,7.64,"BADC",130.914,-0.757103,0.020469,15,6143.78,16,-0.23362,0.523482,4.66496,6.109526,6.7776,7.032865,20,0.03234
"21",213,"Point",214,24.8069,91.8556,8.63,"BADC",78.6901,-0.216315,0.029894,14,8246.24,16,0,0.216315,1.20084,5.214574,5.794085,8.736609,14.2829,0.032674
"22",215,"Point",216,24.7929,91.8193,6.5,"BADC",180,0.108158,0.044928,16,6649.59,16,0,-0.108158,0.471065,2.193949,0.531715,7.362647,21.2368,0.031543
"23",257,"Point",258,24.6483,89.596,5.3,"BADC",-1,0,0.132663,21,6118.82,6,0,0,0,0.451584,0.055207,9.10498,16.9411,0.072241
"24",261,"Point",262,24.6293,89.5743,5.2,"BADC",270,-0.324473,0.117976,17,3107.57,6,-0.216315,0.108158,1.41294,4.554749,4.334464,7.774634,13.9642,0.065009
"25",276,"Point",277,24.6138,88.838,6.8,"BADC",108.435,-0.324473,0.124161,16,4323.85,6,-0.216315,0.108158,0.744795,4.377338,2.592053,8.762816,8.24621,0.047348
"26",278,"Point",279,24.6077,88.8282,6.9,"BADC",26.5651,-0.108158,0.124264,18,5032.94,6,0,0.108158,1.05324,2.896878,1.325728,6.659819,12,0.043686
"27",283,"Point",284,24.5888,88.6092,6.54,"BADC",353.66,0.108158,0.090135,21,4770,5,0,-0.108158,2.1319,3.557527,3.127024,5.999542,14.3178,0.021032
"28",288,"Point",289,24.558,88.6827,6.8,"BADC",135,0,0.106228,20,1741.55,5,0.027039,0.027039,0.999202,3.947487,2.407885,7.806423,12.6491,0.028474
"29",294,"Point",295,24.5294,88.6145,6.3,"BADC",120.964,-0.216315,0.07785,20,810,6,-0.081118,0.135197,1.37315,4.528086,4.186891,7.801286,16.9411,0.019696
"30",298,"Point",299,24.5223,88.5806,6.9,"BADC",-1,0,0.065701,18,1749.29,5,0,0,0,1.550196,0.106726,10.203592,12.6491,0.016252
"31",303,"Point",304,24.5089,88.626,6.93,"BADC",326.31,0.108158,0.081436,24,1565.18,6,0.086526,-0.021632,1.69799,3.341166,2.361172,6.215725,16.2481,0.021746
"32",304,"Point",305,24.5067,89.4581,5.95,"BADC",135,0,0.048352,16,6442.74,3,0,0,0.333097,3.303688,0.852684,9.025483,14.6969,0.039988
"33",306,"Point",307,24.5041,88.6604,6.7,"BADC",90,-0.108158,0.078373,18,3863.6,6,0,0.108158,0.471065,2.887096,0.805929,8.055794,8.7178,0.02345
"34",320,"Point",321,24.4661,88.7557,7.23,"BADC",315,0,0.061053,17,1281.6,16,0,0,0.666172,4.097317,2.046379,8.678181,12.3288,0.031189
"35",323,"Point",324,24.4617,88.8418,7.4,"BADC",-1,0,0.082368,20,3084.75,16,0,0,0,0.451584,0.055207,9.10498,10.5357,0.032957
"36",340,"Point",341,24.4287,88.7884,7.45,"BADC",244.983,0.108158,0.05508,19,3660.74,16,0.227504,0.119346,3.89285,4.140294,6.655913,5.41789,13.9642,0.033389
"37",343,"Point",344,24.4197,88.7874,6.8,"BADC",198.435,0,0.051032,20,4414.39,16,0.070302,0.070302,2.23338,4.700651,6.404638,7.053689,12.6491,0.034579
"38",346,"Point",347,24.4187,89.6094,6.12,"BADC",180,0,0.08955,14,1288.25,6,0,0,0.471065,3.580243,1.22156,8.748941,14.2829,0.075513
"39",354,"Point",355,24.3884,89.5442,6,"BADC",66.8014,0.324473,0.084281,20,4096.95,6,0.064894,-0.259578,1.79322,3.392811,2.524966,6.164116,15.6525,0.06351
"40",357,"Point",358,24.3737,88.7771,6.83,"BADC",94.3987,0,0.041009,20,5876.4,6,0,0,3.0681,4.601467,7.470775,6.34241,14.3178,0.037398
"41",362,"Point",363,24.3647,88.7596,6.55,"BADC",135,-0.216315,0.028512,19,5665.79,6,-0.108158,0.108158,1.33216,5.946773,9.616043,9.276424,14.6629,0.039382
"42",367,"Point",368,24.3486,88.8451,7,"BADC",63.4349,-0.108158,0.038152,18,7252.62,6,0,0.108158,1.05324,2.896878,1.325728,6.659819,10.8167,0.038856
"43",383,"Point",384,24.2825,88.7742,7.2,"BADC",270,-0.108158,0.005297,20,3380.38,4,0,0.108158,0.942067,5.19338,4.898529,9.159084,11.3578,0.04544
"44",384,"Point",385,24.2805,89.5449,5.8,"BADC",225,-0.216315,0.141977,13,4178.52,6,0,0,0.666172,5.260468,4.112218,9.841332,13.4164,0.068923
"45",386,"Point",387,24.2609,88.7984,7.3,"BADC",18.4349,0.216315,0.007938,23,11313.5,6,0.108158,-0.108158,2.97667,3.878977,4.744939,5.678547,18.1384,0.044408
"46",388,"Point",389,24.271,88.8974,7.45,"BADC",198.435,0.324473,0.029941,19,4625.55,16,0.216315,-0.108158,0.744795,2.585579,0.884613,6.971056,10.8167,0.03948
"47",404,"Point",405,24.141,89.647,8.965,"BADC",225,-0.216315,0.198499,10,4560,6,-0.081118,0.135197,0.999202,3.947487,2.407885,7.806423,6.63325,0.084037
"48",418,"Point",419,24.2274,90.0635,5.4,"BADC",71.565,-0.216315,0.112179,13,1368.54,5,-0.07571,0.140605,2.97667,4.572125,7.191983,6.371694,12.49,0.072343
"49",444,"Point",445,25.1365,90.9111,7.5,"BADC",-1,0,0.051264,13,7978.08,7,0,0,0,2.397494,0.177442,11.05089,9,0.022263
"50",457,"Point",458,25.1029,90.8914,7.7,"BADC",-1,0,0.073549,9,3861.74,5,0,0,0,9.510054,12.659681,18.16345,6.32456,0.02366
"51",468,"Point",469,25.077,90.06,6.65,"BADC",26.5651,0.108158,0.077078,23,1745.42,5,0,-0.108158,1.05324,2.896878,1.325728,6.659819,17.3494,0.099905
"52",480,"Point",481,25.0313,90.9343,7.85,"BADC",-1,0,0.093959,7,120,5,0,0,0,1.837878,0.126833,10.491274,8.48528,0.028318
"53",482,"Point",483,25.0296,90.7602,7.5,"BADC",126.87,0,0.111279,12,4170,7,0.054079,0.054079,2.35405,3.652519,3.537306,5.904655,12.9615,0.030388
"54",492,"Point",493,25.0019,90.2327,6.25,"BADC",336.801,0.108158,0.109499,17,3134.53,5,0.108158,0,1.79322,3.392811,2.524966,6.164116,8.24621,0.082368
"55",525,"Point",526,24.9281,90.7129,18.3,"BADC",270,-0.108158,0.137639,11,3834.49,6,0,0.108158,0.471065,3.292561,1.027901,8.461259,11.6189,0.045735
"56",533,"Point",534,24.9093,89.9454,7.85,"BADC",45,-0.216315,0.095105,21,2514.46,6,-0.054079,0.162236,1.33216,6.204602,11.224852,9.534253,13.2665,0.110061
"57",552,"Point",553,24.8371,89.9799,7.45,"BADC",-1,0,0.076309,20,5526.03,20,0,0,0,1.550196,0.106726,10.203592,11.3578,0.10612
"58",558,"Point",559,24.8377,89.9498,7.45,"BADC",108.435,-0.108158,0.078364,21,7588.81,6,0,0.108158,0.744795,2.585579,0.884613,6.971056,14.6629,0.107692
"59",565,"Point",566,24.7997,90.0923,5.49,"BADC",45,-0.108158,0.087076,17,4310.41,20,0,0.108158,0.333097,2.61054,0.562562,8.332336,8.48528,0.096771
"60",573,"Point",574,24.7574,89.8543,7.7,"BADC",270,-0.108158,0.141091,18,3311.57,6,0,0.108158,0.471065,11.442259,2.6522,16.610957,12.6491,0.105536
"61",577,"Point",578,24.7066,90.9322,7.7,"BADC",329.036,0,0.115096,12,5266.77,16,0.027039,0.027039,1.37315,6.948454,3.2989,10.221654,15.4919,0.051234
"62",582,"Point",583,24.6855,90.9279,7.5,"BADC",-1,-0.216315,0.118116,9,4136.63,16,0,0,0,5.133715,0.916328,13.787111,9.38083,0.052601
"63",587,"Point",588,24.6652,90.9195,7.3,"BADC",225,0,0.131798,12,2013.58,16,0,0,0.333097,4.114618,1.387068,9.836413,12,0.055843
"64",589,"Point",590,24.6144,91.0167,7.67,"BADC",90,-0.216315,0.174759,7,4667.87,5,0,0.216315,1.41294,3.861602,2.85968,7.081487,7.14143,0.050332
"65",592,"Point",593,24.6097,91.1419,7.65,"BADC",188.13,0,0.149366,7,234.307,5,0,0,1.66504,3.322658,2.305093,6.234221,6.7082,0.03421
"66",593,"Point",594,24.5781,90.9312,11.35,"BADC",338.199,0.108158,0.134454,10,1682.41,16,0.129789,0.021632,2.53517,3.723821,3.880154,5.833447,11.4891,0.062786
"67",599,"Point",600,24.5335,91.1249,7.65,"BADC",-1,0,0.17069,7,2043.53,5,0,0,0,3.81888,0.416328,12.472276,7.14143,0.038911
"68",600,"Point",601,24.5426,91.0111,7.75,"BADC",146.31,0.108158,0.154978,7,1171.54,16,0.129789,0.021632,1.69799,3.341166,2.361172,6.215725,5.2915,0.055058
"69",603,"Point",604,24.5321,90.8441,7.8,"BADC",135,0,0.122243,10,870,16,-0.027039,-0.027039,0.999202,2.848875,1.245555,6.70781,9.38083,0.078767
"70",606,"Point",607,24.5084,90.8234,5.85,"BADC",270,0.108158,0.116686,12,807.775,16,0.216315,0.108158,1.88363,3.439496,2.682767,6.117466,8.66025,0.080125
"71",612,"Point",613,24.4788,90.8659,7.85,"BADC",-1,0,0.149552,11,5220.09,16,0,0,0,2.397494,0.177442,11.05089,8.66025,0.081497
"72",615,"Point",616,24.4732,90.9395,7.97,"BADC",225,0,0.16535,8,3026.88,16,0,0,0.333097,2.61054,0.562562,8.332336,8.94427,0.071533
"73",630,"Point",631,24.4094,90.8801,7.95,"BADC",116.565,-0.216315,0.128958,11,3631.86,16,-0.162236,0.054079,1.05324,2.896878,1.325728,6.659819,10.7238,0.08674
"74",651,"Point",652,24.1806,90.7361,7.4,"BADC",23.1986,0.108158,0.043311,12,6651.62,6,0.108158,0,1.79322,3.392811,2.524966,6.164116,10.198,0.058611
"75",660,"Point",661,24.132,90.7954,7.1,"BADC",156.801,0.108158,0.039242,19,3842.46,20,0.064894,-0.043263,1.79322,3.392811,2.524966,6.164116,14.6969,0.063617
"76",664,"Point",665,24.1171,90.8249,6.6,"BADC",276.34,0.216315,0.04583,16,2561.27,20,0,-0.216315,2.1319,3.557527,3.127024,5.999542,12.9615,0.064562
"77",665,"Point",666,24.1208,90.7367,7.9,"BADC",173.66,0.108158,0.059293,13,1663.31,6,0.216315,0.108158,2.1319,3.557527,3.127024,5.999542,12.9615,0.058243
"78",667,"Point",668,24.1052,90.8017,7.41,"BADC",135,0.324473,0.045375,18,4020.11,20,0.086526,-0.237947,1.9978,3.495504,2.885121,6.061506,15.4919,0.0627
"79",675,"Point",676,24.081,90.8617,6.4,"BADC",261.87,-0.216315,0.081292,12,2397.19,6,0,0.216315,1.66504,6.689953,17.3831,9.601517,13.4164,0.065047
"80",686,"Point",687,24.0526,90.8113,6.3,"BADC",26.5651,-0.43263,0.078535,17,6062.75,20,-0.335288,0.097342,2.10577,6.030645,13.677112,8.496225,14.6969,0.061988
"81",693,"Point",694,24.0366,90.1737,12.45,"BADC",225,0,0.088502,10,1111.62,6,0,0,0.666172,3.586491,1.50618,8.167356,13.7477,0.059335
"82",702,"Point",703,24.0072,90.5099,12.26,"BADC",-1,0,0.11287,8,1500,5,0,0,0,4.476935,0.617887,13.130332,0,0.02903
"83",706,"Point",707,24.0056,90.518,11.93,"BADC",57.9946,0.43263,0.114551,11,2340,5,0.314929,-0.117701,4.43524,4.268137,7.85213,5.290517,11.4891,0.031651
"84",708,"Point",709,24.0004,90.089,7.81,"BADC",270,-0.108158,0.110984,11,8345.18,6,0,0.108158,0.471065,3.985708,1.558007,9.154406,10.198,0.081592
"85",717,"Point",718,23.9777,90.0503,8.78,"BADC",261.87,0.43263,0.065976,13,8097.61,6,0.216315,-0.216315,1.66504,3.322658,2.305093,6.234221,10.198,0.088662
"86",755,"Point",756,23.924,90.2039,11.81,"BADC",-1,0,0.108233,10,1145.51,16,0,0,0,2.061022,0.145004,10.714418,12.49,0.065689
"87",757,"Point",758,23.9109,90.6589,5.44,"BADC",329.036,-0.108158,0.147271,12,4951.82,5,-0.033279,0.074878,2.74472,4.493602,6.495824,6.450077,11.1803,0.050455
"88",764,"Point",765,23.8931,90.8775,8.3,"BADC",180,0,0.152565,8,976.729,4,0,0,0.471065,4.391173,1.98712,9.559872,10.9545,0.054639
"89",770,"Point",771,23.8967,89.7436,7.65,"BADC",288.435,-0.108158,0.210285,9,1973.63,4,0,0.108158,0.744795,3.684191,1.710117,8.069668,8.94427,0.09058
"90",803,"Point",804,23.8226,89.346,4.3,"BADC",315,0,0.099453,12,7517.62,9,0,0,0.333097,3.303688,0.852684,9.025483,7.2111,0.050319
"91",812,"Point",813,23.7962,90.0521,7,"BADC",71.565,0.108158,0.116248,12,2860.24,16,0,-0.108158,0.744795,2.585579,0.884613,6.971056,14.2478,0.084492
"92",833,"Point",834,23.7542,90.0105,6.93,"BADC",30.9638,-0.216315,0.122283,15,1697.06,5,-0.07571,0.140605,2.74472,4.493602,6.495824,6.450077,14.2478,0.064422
"93",838,"Point",839,23.7535,89.3406,3.55,"BADC",326.31,0.216315,0.126243,18,3018.69,8,0.108158,-0.108158,1.69799,3.341166,2.361172,6.215725,15.4919,0.043674
"94",850,"Point",851,23.7385,89.3866,3.85,"BADC",135,0.108158,0.138253,16,6271.79,9,0,-0.108158,0.666172,2.487879,0.77912,7.068743,16.7033,0.043727
"95",852,"Point",853,23.727,89.3832,2.85,"BADC",-1,0,0.127934,11,5104.23,9,0,0,0,4.610467,0.669429,13.263863,6.9282,0.043188
"96",860,"Point",861,23.7111,89.6465,3.61,"BADC",90,-0.43263,0.08216,14,5227.92,9,-0.216315,0.216315,1.41294,3.168455,1.886685,6.38834,12.9615,0.031013
"97",903,"Point",904,23.4488,90.2935,5.52,"BADC",45,-0.216315,0.085367,4,1945.38,4,-0.135197,0.081118,0.999202,4.794785,4.003334,8.65372,6.32456,0.031445
"98",909,"Point",910,25.1359,91.5823,5.9,"BADC",-1,0,0.038434,16,9175.93,7,0,0,0,6.00066,1.541546,14.654056,10.247,0.025814
"99",912,"Point",913,25.0094,91.5752,5,"BADC",318.576,-0.540788,0.119454,13,3001.35,5,-0.126623,0.414164,5.32463,5.834406,1.3488,6.497739,18.4391,0.022433
"100",1034,"Point",1035,25.9268,88.7104,9.1,"BADC",322.125,0,0.134566,50,1361.95,27,0.081118,0.081118,2.68358,3.778693,4.166386,5.778657,24.7386,0.117957
"101",1158,"Point",1159,25.767,88.8399,8.95,"BADC",341.565,0.108158,0.125749,44,3229.43,7,0,-0.108158,0.744795,2.585579,0.884613,6.971056,22.9783,0.046804
"102",1214,"Point",1215,25.6612,88.6717,8.75,"BADC",45,-0.324473,0.154834,36,469.574,7,-0.043263,0.28121,2.66289,7.267728,2.3513,9.282625,23.516,0.065608
"103",1232,"Point",1233,25.6189,88.9076,8.97,"BADC",18.4349,-0.108158,0.124604,35,780,3,0,0.108158,0.744795,3.684191,1.710117,8.069668,19.3649,0.029845
"104",1234,"Point",1235,25.6168,88.9537,4.89,"BADC",-1,0,0.136027,34,256.32,3,0,0,0,2.061022,0.145004,10.714418,11.8322,0.032508
"105",1239,"Point",1240,25.613,89.3122,9.95,"BADC",35.5377,-0.324473,0.093926,31,1955.76,7,-0.151421,0.173052,2.02533,4.894848,6.741517,7.434762,13.7477,0.131948
"106",1260,"Point",1261,25.5615,89.0092,8.95,"BADC",71.565,-0.216315,0.152998,34,720,7,0,0.216315,1.48934,3.217743,2.011436,6.339076,20.4939,0.04359
"107",1275,"Point",1276,25.5003,88.6811,4.67,"BADC",-1,0,0.06945,32,1618.05,3,0,0,0,1.837878,0.126833,10.491274,14.1774,0.034284
"108",1295,"Point",1296,25.4395,88.9192,7.1,"BADC",-1,0,0.044346,30,4700.05,3,0,0,0,1.837878,0.126833,10.491274,13.7477,0.019275
"109",1299,"Point",1300,25.4311,88.9293,5.15,"BADC",258.69,0.216315,0.047958,34,3372.03,6,0.216315,0,1.20084,3.01735,1.550384,6.539385,18.0278,0.020304
"110",1307,"Point",1308,25.4059,88.9538,7.2,"BADC",168.69,-0.216315,0.046892,29,942.019,6,-0.07571,0.140605,2.40062,4.769954,7.007326,6.984468,17.4642,0.018321
"111",1312,"Point",1313,25.3949,89.1982,6.95,"BADC",-1,0,0.126062,26,60,7,0,0,0,4.006932,0.466055,12.660328,18.6548,0.065564
"112",1316,"Point",1317,25.3834,89.1334,5.8,"BADC",206.565,-0.108158,0.113411,28,3369.9,3,0,0.108158,1.05324,7.824132,4.06379,11.587073,19.2873,0.047154
"113",1340,"Point",1341,25.3267,89.0987,5.9,"BADC",26.5651,0.216315,0.098674,27,894.986,3,0.108158,-0.108158,1.05324,2.896878,1.325728,6.659819,7.28011,0.030057
"114",1355,"Point",1356,25.2913,89.0547,5.82,"BADC",18.4349,-0.324473,0.072853,26,4394.56,3,-0.194684,0.129789,2.23338,5.68148,11.536547,8.034518,18.3303,0.014481
"115",1358,"Point",1359,25.287,89.1225,5.25,"BADC",225,-0.216315,0.098217,23,720,3,-0.081118,0.135197,0.999202,2.848875,1.245555,6.70781,14.1421,0.031598
"116",1373,"Point",1374,25.2624,89.1281,4.86,"BADC",45,0,0.09673,25,942.019,3,0,0,0.666172,2.487879,0.77912,7.068743,14.4222,0.028919
"117",1374,"Point",1375,25.259,89.3279,7.76,"BADC",243.435,-0.324473,0.119487,24,2510.34,7,-0.086526,0.237947,2.10577,5.155177,8.088494,7.620756,18,0.10729
"118",1376,"Point",1377,25.25,89.113,4.77,"BADC",239.036,-0.43263,0.088833,23,169.706,3,-0.189276,0.243354,1.37315,4.528086,4.186891,7.801286,14.1421,0.028919
"119",1383,"Point",1384,25.2167,89.244,4,"BADC",324.462,-0.324473,0.121104,25,5299.48,3,-0.064894,0.259578,2.02533,5.117992,7.707324,7.657906,14.6969,0.077145
"120",1389,"Point",1390,25.1541,89.2412,4.3,"BADC",-1,0,0.112991,24,6704.58,3,0,0,0,7.216623,3.197481,15.870019,14.4222,0.062631
"121",1393,"Point",1394,25.1111,89.2881,4.2,"BADC",-1,0,0.091689,22,30,3,0,0,0,3.159634,0.280318,11.81303,9.59166,0.072604
"122",1403,"Point",1404,26.3131,89.0319,9,"BADC",141.34,0.216315,0,62,20774.6,7,0.108158,-0.108158,3.01358,3.890926,4.819,5.666622,22.2711,0.12
"123",1450,"Point",1451,25.0527,89.4527,8.35,"BADC",303.69,-0.324473,0.144812,21,3949.65,6,-0.086526,0.237947,1.69799,6.47666,15.494027,9.35122,18.5203,0.108039
"124",1451,"Point",1452,25.0423,88.52,6.1,"BADC",-1,0,0.055585,32,2478.23,3,0,0,0,2.648808,0.20632,11.302204,20.199,0.056178
"125",1474,"Point",1475,24.9844,89.3898,5.4,"BADC",225,0,0.116984,21,2131.9,6,0,0,0.333097,4.861832,2.171723,10.583627,9.38083,0.073274
"126",1491,"Point",1492,24.9261,89.4244,6.07,"BADC",105.255,0.108158,0.094317,24,540.833,16,-0.108158,-0.216315,2.68358,5.164987,9.571842,7.164951,18.7617,0.066354
"127",1553,"Point",1554,24.7643,89.5697,3.95,"BADC",210.964,0.108158,0.162508,19,2886.24,6,0.021632,-0.086526,1.37315,3.141791,1.82245,6.414992,18.3303,0.075362
"128",1558,"Point",1559,24.7336,89.5697,4.5,"BADC",146.31,0.43263,0.164641,19,5384.39,6,0.216315,-0.216315,1.69799,3.341166,2.361172,6.215725,15.4919,0.070639
"129",1562,"Point",1563,24.7252,89.5303,4.15,"BADC",135,0,0.108854,16,4434.02,6,0,0,0.999202,4.235169,2.861534,8.094105,15.0997,0.061548
"130",1567,"Point",1568,24.7106,89.5941,3.5,"BADC",123.69,0,0.171757,17,4230.43,6,-0.054079,-0.054079,1.69799,4.034313,3.578867,6.908873,12,0.075713
"131",1584,"Point",1585,24.6409,89.4085,7.5,"BADC",56.3099,0.324473,0.058376,20,7247.1,3,0.086526,-0.237947,1.69799,3.341166,2.361172,6.215725,18.7617,0.021647
"132",1592,"Point",1593,24.5635,89.4834,6.25,"BADC",201.038,-0.324473,0.052519,17,6821.16,6,-0.127244,0.197228,3.27709,5.070953,10.352567,6.683993,15.0997,0.041075
"133",1593,"Point",1594,24.563,89.4274,7.15,"BADC",-1,0,0.076595,16,10277.4,3,0,0,0,2.243343,0.161766,10.896739,10.247,0.029308
"134",1624,"Point",1625,24.2427,89.2757,6.65,"BADC",8.1301,0.324473,0.11814,17,3971.46,6,0.216315,-0.108158,1.66504,3.322658,2.305093,6.234221,9.94987,0.028907
"135",1628,"Point",1629,24.2254,89.2957,6.88,"BADC",161.565,-0.108158,0.119279,18,4116.02,6,0,0.108158,0.744795,3.278726,1.340822,7.664203,14.6969,0.030533
"136",1638,"Point",1639,24.1606,89.2868,6.49,"BADC",-1,0,0.083584,13,806.102,6,0,0,0,3.396023,0.323034,12.049419,7.48331,0.028837
"137",1646,"Point",1647,24.1289,88.9753,7.15,"BADC",306.87,0.324473,0.087146,17,840.536,4,0.279627,-0.044846,4.70019,4.325167,8.452247,5.233739,21.8174,0.031833
"138",1661,"Point",1662,24.0776,89.5765,6.8,"BADC",288.435,-0.108158,0.149698,18,3966.93,6,-0.064894,0.043263,2.23338,4.700651,6.404638,7.053689,18.2483,0.052868
"139",1663,"Point",1664,24.0721,89.1991,7.35,"BADC",90,-0.108158,0.069119,16,9896.23,6,0,0.108158,0.471065,9.255283,3.81296,14.423981,12,0.027938
"140",1665,"Point",1666,24.0653,89.5274,6.95,"BADC",340.017,0.324473,0.12552,17,8458.14,5,0.302841,-0.021632,5.49688,4.479565,10.314031,5.080185,21.9317,0.047088
"141",1666,"Point",1667,24.0644,89.2464,7.4,"BADC",71.565,-0.108158,0.062552,15,5741.3,6,0,0.108158,0.744795,2.585579,0.884613,6.971056,11.6619,0.026619
"142",1667,"Point",1668,24.059,89.5563,6.8,"BADC",71.565,0.216315,0.153324,13,6873.08,6,0.108158,-0.108158,1.48934,3.217743,2.011436,6.339076,15.4919,0.049447
"143",1672,"Point",1673,24.05,89.1556,7.25,"BADC",-1,0,0.084671,16,6145.02,4,0,0,0,2.243343,0.161766,10.896739,15.0997,0.028158
"144",1676,"Point",1677,24.0201,89.1953,6.8,"BADC",236.31,-0.324473,0.080025,15,9091.58,4,-0.086526,0.237947,1.69799,6.231537,13.374918,9.106097,14.6969,0.027036
"145",1678,"Point",1679,24.013,89.2657,7.05,"BADC",348.69,0.216315,0.0571,19,8142.39,4,0.081118,-0.135197,1.20084,3.01735,1.550384,6.539385,13.2288,0.026054
"146",1681,"Point",1682,23.9926,89.3132,6.98,"BADC",18.4349,-0.108158,0.059381,15,6319.83,6,0,0.108158,0.744795,3.278726,1.340822,7.664203,21.9089,0.028224
"147",1689,"Point",1690,23.9333,89.5174,6.58,"BADC",-1,0,0.114067,11,636.396,5,0,0,0,4.458917,0.611243,13.112313,4.79583,0.039049
"148",1690,"Point",1691,23.9421,89.4119,6.75,"BADC",315,0,0.071435,16,4455.58,4,0.054079,0.054079,1.33216,3.11356,1.756819,6.443211,11.3137,0.050466
"149",1696,"Point",1697,24.1093,88.9532,7.12,"BADC",251.565,0.43263,0.082143,24,1776.85,4,0.189276,-0.243354,0.744795,2.585579,0.884613,6.971056,14.6629,0.031597
"150",1697,"Point",1698,24.1001,88.9814,6.9,"BADC",213.69,-0.108158,0.09106,19,3827.44,4,-0.086526,0.021632,1.69799,4.034313,3.578867,6.908873,14.3178,0.03079
"151",1698,"Point",1699,24.0883,88.941,7.08,"BADC",315,0.216315,0.085525,19,3273.71,4,0.162236,-0.054079,1.33216,3.11356,1.756819,6.443211,12.6491,0.035176
"152",1700,"Point",1701,24.0802,88.8617,6.52,"BADC",84.8056,-0.108158,0.030399,15,2490,4,-0.108158,0,2.59982,5.694004,12.870101,7.75512,15.1987,0.045244
"153",1703,"Point",1704,24.0273,88.9413,6.78,"BADC",171.87,-0.324473,0.095304,16,8481.14,9,-0.151421,0.173052,1.66504,4.015805,3.493868,6.927369,10.247,0.033988
"154",1750,"Point",1751,23.7685,88.7716,8.92,"BADC",-1,0,0.050967,16,3958.41,9,0,0,0,2.531025,0.192243,11.184421,5.74456,0.029558
"155",1751,"Point",1752,23.75,88.6944,8.9,"BADC",68.9625,0.86526,0.038722,21,6049.37,9,0.410999,-0.454262,3.27709,3.972341,5.355195,5.58538,12.3288,0.029819
"156",1754,"Point",1755,23.7383,88.6112,8.29,"BADC",315,0,0.021115,17,12399.6,9,0,0,0.333097,4.315289,1.564544,10.037084,12.3288,0.030236
"157",1756,"Point",1757,23.7262,88.737,6.88,"BADC",351.87,-0.216315,0.044783,16,2596.17,9,0,0.216315,1.66504,4.015805,3.493868,6.927369,16.5227,0.029506
"158",1764,"Point",1765,23.6524,88.8262,6.1,"BADC",-1,0,0.087125,14,5870.58,9,0,0,0,4.742043,0.72442,13.395439,9.64365,0.029194
"159",1771,"Point",1772,23.6046,89.4664,6.08,"BADC",296.565,0.324473,0.169914,14,254.558,9,0,-0.324473,1.05324,2.896878,1.325728,6.659819,11.1803,0.028392
"160",1773,"Point",1774,23.58,88.8013,7.8,"BADC",315,0,0.069565,15,4268.13,9,0,0,0.333097,6.449993,5.631732,12.171788,9.94987,0.03
"161",1804,"Point",1805,23.4392,89.0165,7.56,"BADC",315,0.216315,0.074618,12,975.807,9,0.135197,-0.081118,0.999202,2.848875,1.245555,6.70781,6.9282,0.03
"162",1837,"Point",1838,23.3396,89.047,5.59,"BADC",90,0.108158,0.068663,14,2982.25,9,0,-0.108158,0.942067,3.488631,1.76136,7.454336,14.2478,0.03
"163",1841,"Point",1842,23.3276,88.7799,8.72,"BADC",307.875,-0.108158,0.012334,12,5692.42,9,-0.00832,0.099838,2.68358,3.778693,4.166386,5.778657,8.66025,0.03
"164",1867,"Point",1868,23.1883,89.3335,7.58,"BADC",-1,0,0.090823,8,3191.02,9,0,0,0,2.531025,0.192243,11.184421,10.247,0.029413
"165",1872,"Point",1873,23.1477,89.3619,7.62,"BADC",23.1986,0.108158,0.088823,11,7365.66,9,0.108158,0,1.79322,3.392811,2.524966,6.164116,12,0.028491
"166",1883,"Point",1884,22.9408,89.0161,8.22,"BADC",303.69,0.324473,0.051062,12,6420.07,9,0.086526,-0.237947,1.69799,3.341166,2.361172,6.215725,10.9545,0.029357
"167",1885,"Point",1886,22.9235,89.0091,8.35,"BADC",-1,0,0.055801,6,7407.33,9,0,0,0,1.144731,0.083679,9.798127,9.21954,0.029279
"168",1891,"Point",1892,22.8903,88.9413,8.18,"BADC",-1,0,0.011062,3,6630.61,9,0,0,0,2.243343,0.161766,10.896739,7.4162,0.02961
"169",1892,"Point",1893,22.8847,88.965,7.84,"BADC",123.69,-0.324473,0.02842,7,8740.25,9,-0.129789,0.194684,1.69799,5.420607,8.222078,8.295167,12,0.029379
"170",1926,"Point",1927,22.6466,89.015,6.04,"BADC",270,0.216315,0.04404,4,4380,9,0.216315,0,1.88363,3.439496,2.682767,6.117466,7.4162,0.0294
"171",1977,"Point",1978,23.5353,90.8399,5.92,"BADC",326.31,0.216315,0.11819,10,1194.74,5,0.054079,-0.162236,1.69799,3.341166,2.361172,6.215725,12.1244,0.038486
"172",1980,"Point",1981,23.5247,90.8217,5.84,"BADC",225,0,0.13935,8,3264.35,5,0,0,1.9978,3.495504,2.885121,6.061506,9.74679,0.040922
"173",2010,"Point",2011,23.428,90.8304,2.2,"BADC",161.565,-0.108158,0.131655,9,4837.35,16,0,0.108158,0.744795,4.983474,3.728968,9.368951,8.94427,0.031587
"174",2031,"Point",2032,23.3393,91.2366,8.44,"BADC",-1,0,0.024443,11,1803.25,16,0,0,0,5.334386,1.033572,13.987782,4.79583,0.040618
"175",2045,"Point",2046,23.3131,91.2881,8.4,"BADC",60.9454,0.108158,0.027967,13,4944.91,17,0.108158,0,2.42357,3.680489,3.668041,5.87672,11.6189,0.037962
"176",2081,"Point",2082,23.2312,90.9599,5.92,"BADC",30.9638,0.648945,0.091367,17,3300.82,14,0.45967,-0.189276,1.37315,3.141791,1.82245,6.414992,13.7477,0.03142
"177",2115,"Point",2116,23.1211,91.3401,8.32,"BADC",225,-0.108158,0.054957,10,8601.69,17,0,0.108158,0.666172,2.487879,0.77912,7.068743,7.93725,0.041537
"178",2190,"Point",2191,22.4774,92.1889,3.9,"BADC",353.047,-0.324473,0.168184,118,1800.25,24,-0.294488,0.029984,9.63669,5.732908,3.304,5.219641,134.521,0.040154
"179",2191,"Point",2192,22.4894,91.9614,11.11,"BADC",188.13,-0.648945,0.147196,13,6696.72,17,-0.43263,0.216315,1.66504,10.99495,3.4272,13.906514,14.7309,0.033765
"180",2197,"Point",2198,22.3948,91.86,17.42,"BADC",-1,0,0.093029,5,2942.45,17,0,0,0,2.648808,0.20632,11.302204,6.245,0.031916
"181",2198,"Point",2199,22.3648,91.843,19.62,"BADC",-1,0,0.086978,8,3532.36,23,0,0,0,5.919644,1.468404,14.57304,9.74679,0.033845
"182",2207,"Point",2208,22.014,92.0482,7,"BADC",225,0,0.081018,13,2535.84,19,0,0,0.333097,2.61054,0.562562,8.332336,13.8564,0.047381
"183",2224,"Point",2225,21.5066,92.0982,3.76,"BADC",163.811,0.540788,0.114388,41,4925.85,19,0.038774,-0.502014,7.55901,4.796032,15.478855,4.766512,46.4758,0.047649
"184",2253,"Point",2254,22.8357,90.5762,1.76,"BADC",333.435,0.108158,0.151472,13,3210,12,0.173052,0.064894,1.05324,2.896878,1.325728,6.659819,14.8324,0.032598
"185",2343,"Point",2344,22.5115,91.8128,6.36,"BADC",293.199,-0.108158,0.103049,6,1442.5,23,-0.151421,-0.043263,1.79322,3.392811,2.524966,6.164116,5.74456,0.027267
"186",2345,"Point",2346,22.4992,91.8151,6.36,"BADC",206.565,-0.108158,0.102985,7,1612.76,23,0,0.108158,1.05324,6.991223,15.464827,10.754164,9.21954,0.027267
"187",2401,"Point",2402,24.1097,91.1152,2.67,"BADC",119.055,-0.43263,0.124952,9,2885,5,-0.081118,0.351512,2.42357,5.983074,14.602736,8.179305,12,0.047219
"188",2416,"Point",2417,26.5611,88.4226,7.6,"BADC",225,-0.216315,0,97,30914.5,27,-0.081118,0.135197,1.66504,4.42127,4.456164,7.332834,37.1349,0.149248
"189",2421,"Point",2422,22.212,90.31,34.47288,"DPHE",-1,0,0.10306,6,7044.83,10,0,0,0,6.536083,2.125569,15.189479,9.21954,0.031511
"190",2432,"Point",2433,22.722,90.329,11.5824,"DPHE",-1,0,0.076187,8,4986.23,10,0,0,0,2.531025,0.192243,11.184421,13.8564,0.030516
"191",2436,"Point",2437,22.594,90.74,21.9456,"DPHE",45,-0.216315,0.056077,8,8797.37,12,-0.135197,0.081118,0.999202,3.947487,2.407885,7.806423,8.48528,0.03722
"192",2440,"Point",2441,22.533,90.1,9.398,"DPHE",-1,0,0.128028,6,8082.54,10,0,0,0,5.105544,0.90097,13.75894,8,0.030186
"193",2441,"Point",2442,22.48,90.105,43.309032,"DPHE",168.69,0.216315,0.098356,9,7276.16,10,0.216315,0,1.20084,3.01735,1.550384,6.539385,12.6491,0.030285
"194",2443,"Point",2444,22.544,90,15.995904,"DPHE",-1,0,0.115414,8,1884.04,10,0,0,0,0.451584,0.055207,9.10498,6,0.029614
"195",2444,"Point",2445,22.65,89.985,12.192,"DPHE",-1,0,0.132807,6,3890.76,10,0,0,0,1.837878,0.126833,10.491274,10.3923,0.02937
"196",2450,"Point",2451,23.984,91.275,10.0584,"DPHE",129.289,-0.108158,0.065241,11,6631.36,17,0.091518,0.199675,3.34382,3.991954,5.492998,5.565813,17.3205,0.045321
"197",2451,"Point",2452,23.878,91.105,8.5344,"DPHE",-1,0,0.106659,6,573.149,6,0,0,0,1.550196,0.106726,10.203592,5.2915,0.03638
"198",2453,"Point",2454,23.78,91.105,8.5344,"DPHE",-1,0,0.087122,10,4964.89,14,0,0,0,3.542626,0.352736,12.196022,11.1803,0.033102
"199",2458,"Point",2459,23.832,90.976,7.9248,"DPHE",210.964,-0.108158,0.128918,11,3046.59,6,-0.021632,0.086526,1.37315,6.032163,10.323315,9.305364,11.1803,0.041939
"200",2469,"Point",2470,23.237,90.756,23.091648,"DPHE",135,0,0.104061,10,5610.96,6,0,0,0.333097,4.482343,1.729491,10.204138,11.1803,0.038422
"201",2471,"Point",2472,23.262,90.93,10.055352,"DPHE",225,0.216315,0.102247,10,5104.06,14,0.162236,-0.054079,1.33216,3.11356,1.756819,6.443211,10.7238,0.031344
"202",2473,"Point",2474,23.337,90.862,8.997696,"DPHE",45,0.108158,0.093107,9,865.852,14,0.216315,0.108158,0.333097,1.917393,0.371152,7.639188,7.54983,0.031147
"203",2474,"Point",2475,23.437,90.862,10.098024,"DPHE",180,-0.108158,0.132063,8,6947.64,14,0,0.108158,0.471065,5.978138,5.149325,11.146837,4.12311,0.03109
"204",2475,"Point",2476,23.437,90.675,12.192,"DPHE",180,0,0.133885,7,3420,6,0,0,1.41294,3.861602,2.85968,7.081487,5.2915,0.046367
"205",2481,"Point",2482,23.53,90.82,43.309032,"DPHE",-1,0,0.134269,7,2732.8,5,0,0,0,2.397494,0.177442,11.05089,5.65685,0.040922
"206",2482,"Point",2483,23.622,91.032,19.495008,"DPHE",315,-0.216315,0.049566,9,8667.51,14,-0.027039,0.189276,1.66504,9.810342,3.6402,12.721905,9.38083,0.033193
"207",2483,"Point",2484,23.084,91.085,7.62,"DPHE",-1,0,0.08117,8,5785.26,14,0,0,0,3.396023,0.323034,12.049419,0,0.031124
"208",2490,"Point",2491,23.044,90.905,19.2024,"DPHE",210.964,0.108158,0.022658,13,9109.78,14,0.064894,-0.043263,1.37315,3.141791,1.82245,6.414992,14.9666,0.0359
"209",2491,"Point",2492,22.709,90.842,16.764,"DPHE",-1,0,0.091038,5,2757.72,10,0,0,0,2.754169,0.219784,11.407565,6.245,0.03893
"210",2501,"Point",2502,23.95,90.329,6.4008,"DPHE",-1,0,0.102485,6,379.473,16,0,0,0,1.144731,0.083679,9.798127,5.2915,0.028155
"211",2520,"Point",2521,23.627,89.885,5.690616,"DPHE",-1,0,0.082374,1,5730,8,0,0,0,4.545928,0.644002,13.199324,24.98,0.042227
"212",2527,"Point",2528,23.479,89.6,5.7912,"DPHE",-1,0,0.079822,2,30,9,0,0,0,3.090641,0.268951,11.744037,13.8564,0.03
"213",2537,"Point",2538,22.963,89.799,12.192,"DPHE",336.801,0.108158,0.030108,8,13080.6,9,0.064894,-0.043263,1.79322,3.392811,2.524966,6.164116,9.21954,0.023122
"214",2540,"Point",2541,23.028,89.913,13.13688,"DPHE",341.565,0.216315,0.08281,7,1800,9,0.135197,-0.081118,0.744795,2.585579,0.884613,6.971056,8.66025,0.021462
"215",2565,"Point",2566,24.08,91.006,8.5344,"DPHE",161.565,-0.324473,0.122169,9,2130.63,6,-0.216315,0.108158,0.744795,4.377338,2.592053,8.762816,8.94427,0.056959
"216",2570,"Point",2571,24.3,90.975,19.5072,"DPHE",296.565,0.108158,0.150371,5,416.773,5,0.033279,-0.074878,3.15688,3.936015,5.10899,5.621625,6.7082,0.064794
"217",2576,"Point",2577,23.04,90.24,7.62,"DPHE",101.31,0.108158,0.100344,9,4637.21,9,0,-0.108158,1.20084,3.01735,1.550384,6.539385,9.74679,0.030093
"218",2577,"Point",2578,23.024,90.299,9.4488,"DPHE",30.9638,-0.108158,0.126136,10,1928.42,9,-0.064894,0.043263,1.37315,3.834938,2.762318,7.108139,11.5326,0.030046
"219",2580,"Point",2581,23.973,89.9,8.8392,"DPHE",-1,0,0.066752,11,7794.98,16,0,0,0,2.061022,0.145004,10.714418,4.79583,0.098812
"220",2583,"Point",2584,23.81,89.949,8.5344,"DPHE",-1,0,0.118581,9,2044.63,16,0,0,0,2.243343,0.161766,10.896739,12,0.070297
"221",2598,"Point",2599,23.961,89.985,7.6962,"DPHE",-1,0,0.043829,11,5160.87,6,0,0,0,2.061022,0.145004,10.714418,11.6189,0.10081
"222",2624,"Point",2625,24.547,90.176,7.0104,"DPHE",281.31,-0.43263,0.095935,20,6373.64,20,-0.162236,0.270394,2.40062,5.057636,8.327518,7.27215,12.9615,0.046387
"223",2635,"Point",2636,24.96,90.3,20.08632,"DPHE",326.31,-0.108158,0.112146,16,3889.6,16,-0.043263,0.064894,1.69799,4.034313,3.578867,6.908873,11.6619,0.081277
"224",2639,"Point",2640,24.751,90.626,43.309032,"DPHE",-1,0,0.042832,13,517.88,16,0,0,0,0.451584,0.055207,9.10498,5.19615,0.076679
"225",2663,"Point",2664,24.762,90.331,4.96824,"DPHE",270,-0.108158,0.066482,17,3548.89,14,0,0.108158,0.471065,4.901999,2.699811,10.070697,10.5357,0.083256
"226",2667,"Point",2668,24.592,90.688,19.812,"DPHE",188.13,0.216315,0.058417,13,3047.92,16,0.216315,0,1.66504,3.322658,2.305093,6.234221,12.0416,0.074525
"227",2674,"Point",2675,23.775,90.732,9.957816,"DPHE",-1,0,0.162982,1,300,4,0,0,0,5.43519,1.098015,14.088586,0,0.052691
"228",2678,"Point",2679,23.698,90.66,9.7536,"DPHE",303.69,-0.324473,0.166205,5,986.813,4,-0.129789,0.194684,1.69799,4.72746,5.424549,7.60202,8,0.042986
"229",2679,"Point",2680,23.673,90.634,19.2024,"DPHE",180,-0.108158,0.188145,7,764.853,6,0,0.108158,0.471065,6.758297,8.223211,11.926995,8.66025,0.03855
"230",2680,"Point",2681,23.748,90.596,8.9916,"DPHE",90,-0.216315,0.151068,9,3303.41,6,0,0,0.471065,6.938881,9.16426,12.107579,7.54983,0.041347
"231",2688,"Point",2689,24.663,90.835,7.493,"DPHE",-1,0,0.092769,12,3183.11,16,0,0,0,2.243343,0.161766,10.896739,10.583,0.065211
"232",2694,"Point",2695,23.159,90.325,16.995648,"DPHE",330.945,0.43263,0.116086,9,5162.09,9,0.243354,-0.189276,2.42357,3.680489,3.668041,5.87672,9.74679,0.029108
"233",2696,"Point",2697,25.149,90.025,43.309032,"DPHE",108.435,-0.108158,0.040885,20,169.706,7,0,0.108158,0.744795,6.712713,10.524176,11.09819,6.40312,0.113039
"234",2697,"Point",2698,24.92,90.162,37.04844,"DPHE",270,-0.108158,0.116322,18,1548.71,6,0,0.108158,0.471065,2.887096,0.805929,8.055794,15.4919,0.092547
"235",2708,"Point",2709,25,90,12.423648,"DPHE",198.435,-0.108158,0.104125,18,2172.67,6,0,0.108158,0.744795,2.585579,0.884613,6.971056,14.3178,0.112794
"236",2715,"Point",2716,24.294,89.988,20.4216,"DPHE",45,0,0.111748,11,1972.26,16,0,0,0.333097,3.526831,0.974842,9.248626,8.66025,0.093574
"237",2718,"Point",2719,22.694,89.824,9.7536,"DPHE",30.9638,0.216315,0.086783,6,4306.85,5,0.135197,-0.081118,1.37315,3.141791,1.82245,6.414992,4.89898,0.026769
"238",2719,"Point",2720,22.77,89.676,8.0772,"DPHE",-1,0,0.068953,6,9060.45,5,0,0,0,2.754169,0.219784,11.407565,0,0.024222
"239",2723,"Point",2724,23.74,88.972,9.144,"DPHE",-1,0,0.089046,15,5586.21,9,0,0,0,1.144731,0.083679,9.798127,8,0.029738
"240",2729,"Point",2730,23.512,89.405,21.9456,"DPHE",18.4349,-0.108158,0.179216,10,615.549,9,0,0.108158,0.744795,8.825855,2.9414,13.211332,8.30662,0.03
"241",2731,"Point",2732,23.056,89.71,11.97864,"DPHE",-1,0,0.070462,7,3930.46,9,0,0,0,3.747421,0.398855,12.400817,0,0.024796
"242",2737,"Point",2738,23.298,89.588,11.5824,"DPHE",0,0.43263,0.092896,13,1827.05,9,0.216315,-0.216315,1.41294,3.168455,1.886685,6.38834,11.4891,0.030065
"243",2740,"Point",2741,23.267,89.632,7.9248,"DPHE",-1,0,0.080151,2,42.4264,9,0,0,0,3.542626,0.352736,12.196022,9.79796,0.030051
"244",2752,"Point",2753,22.838,88.987,8.47344,"DPHE",-1,0,0.041483,5,12238.4,9,0,0,0,1.550196,0.106726,10.203592,6.245,0.029181
"245",2753,"Point",2754,22.452,89.137,8.47344,"DPHE",-1,0,0.095628,2,5986.26,10,0,0,0,3.016533,0.257254,11.669929,0,0.029861
"246",2754,"Point",2755,22.395,89.027,9.7536,"DPHE",305.538,0.324473,0,6,4099.42,10,0.194684,-0.129789,2.02533,3.508554,2.934416,6.048468,8.06226,0.030134
"247",2756,"Point",2757,22.347,89.094,8.0772,"DPHE",63.4349,-0.108158,0.063636,3,10199,10,0,0.108158,1.05324,8.014872,3.0987,11.777813,5.19615,0.030129
"248",2763,"Point",2764,25.772,88.542,19.495008,"DPHE",26.5651,0.216315,0.134152,43,5598.12,27,0.108158,-0.108158,1.05324,2.896878,1.325728,6.659819,16.1555,0.134681
"249",2766,"Point",2767,25.627,88.842,3.3528,"DPHE",225,0,0.096758,38,4350.41,7,0,0,0.333097,4.219978,1.477584,9.941773,21.9089,0.027677
"250",2768,"Point",2769,25.263,89.745,23.091648,"DPHE",45,0,0.146597,24,3994.06,4,0,0,0.333097,5.21323,2.681455,10.935025,16.2788,0.121943
"251",2770,"Point",2771,25.253,89.384,8.0772,"DPHE",326.31,-0.108158,0.120955,25,4163.95,7,-0.086526,0.021632,1.69799,3.341166,2.361172,6.215725,12.1244,0.120405
"252",2771,"Point",2772,25.171,89.518,19.495008,"DPHE",282.995,-0.216315,0.126524,24,1092.02,6,-0.091934,0.124381,3.13932,5.02921,9.80751,6.725644,16.9706,0.130747
"253",2774,"Point",2775,25.95,89.53,11.5824,"DPHE",45,0,0.035563,32,2250,7,0,0,0.333097,1.917393,0.371152,7.639188,11.3137,0.135471
"254",2775,"Point",2776,25.65,89.84,22.86,"DPHE",0,-0.108158,0.084906,26,6831.84,6,0,0.108158,0.471065,3.985708,1.558007,9.154406,10.3923,0.118695
"255",2776,"Point",2777,25.667,89.696,12.192,"DPHE",18.4349,-0.108158,0.152498,25,1020,4,0,0.108158,0.744795,4.888164,3.521706,9.273641,12.6095,0.121635
"256",2777,"Point",2778,25.875,89.334,12.192,"DPHE",206.565,0.324473,0.082118,34,300,7,0.302841,-0.021632,2.10577,3.545739,3.079539,6.011318,20.4939,0.151431
"257",2781,"Point",2782,25.166,88.628,7.493,"DPHE",14.0362,0,0.012894,36,9861.97,3,0,0,1.94155,3.4683,2.785001,6.088685,26.3249,0.059219
"258",2787,"Point",2788,24.635,88.138,6.5532,"DPHE",143.13,-0.216315,0.055985,21,2210.45,4,-0.108158,0.108158,2.35405,6.050415,14.91105,8.30255,17.3494,0.025755
"259",2792,"Point",2793,24.423,88.62,5.4864,"DPHE",194.036,0.108158,0.051638,21,8547.89,6,0.086526,-0.021632,1.94155,3.4683,2.785001,6.088685,11.3578,0.024861
"260",2795,"Point",2796,25.502,89.412,12.192,"DPHE",-1,0,0.099874,27,2310.19,7,0,0,0,2.243343,0.161766,10.896739,16.5831,0.124619
"261",2813,"Point",2814,26.078,88.386,18.288,"DPHE",-1,0,0.06599,59,6006.37,27,0,0,0,5.858755,1.415727,14.512152,22.0907,0.149647
"262",2815,"Point",2816,26.009,88.493,7.62,"DPHE",261.87,-0.216315,0.060529,54,3891.34,27,0,0.216315,1.66504,4.42127,4.456164,7.332834,23.7697,0.148971
"263",2819,"Point",2820,24.172,91.33,8.8392,"DPHE",71.565,-0.108158,0.056078,9,3280.3,16,0,0.108158,0.744795,6.862245,11.512048,11.247722,9.38083,0.045102
"264",2821,"Point",2822,24.3,91.838,3.2766,"DPHE",90,-0.108158,0.03002,32,4377.33,19,-0.043263,0.064894,1.88363,4.132643,4.066314,6.810613,22.6274,0.055114
"265",2823,"Point",2824,24.59,92.03,7.0104,"DPHE",258.69,0.216315,0.108923,19,2363.15,16,0.135197,-0.081118,1.20084,3.01735,1.550384,6.539385,15.6525,0.042972
"266",2826,"Point",2827,24.58,91.25,8.8392,"DPHE",-1,0,0.146647,8,330,5,0,0,0,1.837878,0.126833,10.491274,7.54983,0.027597
"267",2827,"Point",2828,24.899,92.169,3.2766,"DPHE",-1,0,0.042835,17,7276.16,16,0,0,0,2.061022,0.145004,10.714418,8.48528,0.040146
"268",2845,"Point",2846,24.62,89.39,6.64,"BWDB",69.444,-0.43263,0.058693,18,5142.62,3,-0.173052,0.259578,4.01827,4.864472,10.501658,6.080109,16.5227,0.018527
"269",2846,"Point",2847,24.89,89.34,5.61,"BWDB",255.964,-0.648945,0.095441,20,7206.5,3,-0.103998,0.544948,3.87866,11.732109,2.1113,13.016837,21,0.042198
"270",2848,"Point",2849,24.98,89.26,2.97,"BWDB",-1,0,0.095037,20,721.249,3,0,0,0,1.144731,0.083679,9.798127,9.16515,0.020281
"271",2849,"Point",2850,25.13,89.06,7.12,"BWDB",265.601,0.216315,0.073941,24,5178.89,3,0.216315,0,3.0681,3.90832,4.928873,5.649263,15.3297,0.014828
"272",2854,"Point",2855,24.82,89.51,4.61,"BWDB",35.5377,0.108158,0.131638,18,296.985,16,0.108158,0,2.02533,3.508554,2.934416,6.048468,13.9642,0.072153
"273",2862,"Point",2863,25.06,89.32,5.12,"BWDB",146.31,0.108158,0.090926,24,2855.68,6,0.086526,-0.021632,1.69799,3.341166,2.361172,6.215725,15.6525,0.076465
"274",2867,"Point",2868,25.23,89.01,5.39,"BWDB",-1,0,0.073037,25,7670.74,6,0,0,0,1.550196,0.106726,10.203592,10.198,0.014895
"275",2868,"Point",2869,24.87,89.45,4.22,"BWDB",108.435,0.324473,0.086826,23,1440.62,16,0,-0.324473,2.97667,3.878977,4.744939,5.678547,14.3178,0.06547
"276",2869,"Point",2870,25.12,89.12,7,"BWDB",341.565,0.108158,0.07,26,823.772,3,0,-0.108158,0.744795,2.585579,0.884613,6.971056,14.1421,0.022078
"277",2870,"Point",2871,24.68,89.38,6.58,"BWDB",315,0.216315,0.047009,23,4526.42,3,0.081118,-0.135197,1.66504,3.322658,2.305093,6.234221,14.6629,0.024075
"278",2871,"Point",2872,21.88,92.13,3.49,"BWDB",222.797,0.648945,0.075793,86,5550,23,0.297433,-0.351512,8.60182,4.92543,18.252309,4.638863,83.6182,0.047585
"279",2875,"Point",2876,23.46,91.23,12.19,"BWDB",-1,0,0.011345,15,13062.1,14,0,0,0,2.243343,0.161766,10.896739,9.94987,0.056585
"280",2886,"Point",2887,23.2,90.78,1.45,"BWDB",122.471,0.216315,0.075924,13,6879.43,16,0.151421,-0.064894,3.0681,3.90832,4.928873,5.649263,14.9666,0.038046
"281",2893,"Point",2894,23.81,91.19,6.14,"BWDB",294.444,0.216315,0.073853,10,5070.35,16,0.124381,-0.091934,2.84368,3.834709,4.480291,5.722734,12.1244,0.038853
"282",2908,"Point",2909,23.65,90.51,20.05,"BWDB",270,0.324473,0.153989,9,1026.16,6,0.216315,-0.108158,0.942067,2.795484,1.162064,6.761189,8.48528,0.032031
"283",2913,"Point",2914,23.83,90.07,7.8,"BWDB",300.964,-0.324473,0.096245,12,3997.21,16,-0.194684,0.129789,1.37315,3.834938,2.762318,7.108139,12.49,0.096082
"284",2915,"Point",2916,24.22,90.48,6,"BWDB",-1,0,0.101335,19,5273.26,20,0,0,0,1.837878,0.126833,10.491274,6.245,0.012616
"285",2945,"Point",2946,23.92,90.94,3.64,"BWDB",8.97263,1.94684,0.127861,15,600,4,0.86526,-1.08158,4.52126,4.287007,8.045871,5.271727,13.7477,0.055834
"286",2950,"Point",2951,24.16,90.67,5.74,"BWDB",206.565,-0.216315,0.084134,14,6472.84,20,-0.162236,0.054079,1.05324,5.461828,6.177608,9.224769,10.583,0.047141
"287",2951,"Point",2952,23.99,90.68,2.64,"BWDB",293.199,0.108158,0.117211,15,3351.69,20,0.108158,0,1.79322,3.392811,2.524966,6.164116,12.9615,0.050919
"288",2985,"Point",2986,25.57,88.67,4.87,"BWDB",45,0.216315,0.107877,37,1442.5,3,0.081118,-0.135197,0.999202,2.848875,1.245555,6.70781,19.105,0.029883
"289",3004,"Point",3005,25.75,88.71,8.92,"BWDB",116.565,0.216315,0.158885,43,618.466,7,0.108158,-0.108158,1.05324,2.896878,1.325728,6.659819,18.3303,0.077092
"290",3007,"Point",3008,25.59,88.9,6.85,"BWDB",-1,0,0.123141,35,4042.1,3,0,0,0,3.284797,0.30218,11.938193,12,0.025444
"291",3023,"Point",3024,25.29,89.23,6.6,"BWDB",315,-0.216315,0.120887,27,2336.54,3,-0.162236,0.054079,0.666172,3.181026,1.180925,7.761891,12.8452,0.073069
"292",3037,"Point",3038,23.77,89.41,7.76,"BWDB",11.3099,-0.216315,0.121875,11,7089.78,9,0,0.216315,1.20084,3.710497,2.349943,7.232532,6.9282,0.048891
"293",3075,"Point",3076,23.72,89.46,2.37,"BWDB",123.69,-0.108158,0.134092,10,300,16,0,0.108158,1.69799,4.950603,6.201684,7.825163,12.49,0.033203
"294",3092,"Point",3093,23.55,89.8,8.02,"BWDB",135,0,0.039076,10,4496.8,9,0,0,0.333097,3.996835,1.292427,9.71863,13.7477,0.035182
"295",3122,"Point",3123,24.76,89.97,4.88,"BWDB",-1,0,0.067186,18,3000.15,16,0,0,0,3.341955,0.312723,11.995352,0,0.097893
"296",3139,"Point",3140,23.39,89.15,6.465,"BWDB",271.848,0.216315,0.099798,18,3890.76,5,0.216315,0,7.26627,5.449758,4.315956,5.49863,19.6214,0.03
"297",3143,"Point",3144,23.45,88.98,6.625,"BWDB",45,-0.216315,0.067418,14,4065.53,9,-0.108158,0.108158,1.33216,4.905319,5.147754,8.23497,12.4499,0.03
"298",3146,"Point",3147,23.73,89.27,10.16,"BWDB",-1,0,0.118836,12,989.545,9,0,0,0,3.090641,0.268951,11.744037,7.2111,0.03739
"299",3155,"Point",3156,23.47,89.36,7.715,"BWDB",108.435,-0.108158,0.139188,9,2777.71,9,0,0.108158,0.744795,8.544004,2.8854,12.929481,6.32456,0.03
"300",3156,"Point",3157,23.48,89.36,9.04,"BWDB",-1,0,0.148661,9,3795.92,9,0,0,0,2.061022,0.145004,10.714418,7.93725,0.03
"301",3168,"Point",3169,23.06,89.41,7.63,"BWDB",-1,0,0.077827,5,6689.73,9,0,0,0,1.550196,0.106726,10.203592,7.48331,0.02645
"302",3169,"Point",3170,23.33,89.16,7.825,"BWDB",-1,0,0.068607,10,1294.18,9,0,0,0,7.881105,4.763832,16.534501,0,0.030143
"303",3191,"Point",3192,23.91,89.23,9.065,"BWDB",201.801,0,0.093371,16,2070,9,-0.118973,-0.118973,2.53517,4.416968,5.881214,6.526594,15.6525,0.035013
"304",3204,"Point",3205,23.96,88.99,5.07,"BWDB",-1,0,0.098155,16,4943.54,5,0,0,0,2.754169,0.219784,11.407565,0,0.030616
"305",3207,"Point",3208,23.65,88.78,6.13,"BWDB",266.987,0.43263,0.065639,18,4448.2,9,0.326553,-0.106078,4.47231,4.276312,7.935491,5.282376,14.2829,0.02923
"306",3225,"Point",3226,24.01,88.98,4.075,"BWDB",198.435,0.324473,0.108163,24,5287.67,9,0.216315,-0.108158,0.744795,2.585579,0.884613,6.971056,18.3303,0.030939
"307",3226,"Point",3227,23.71,88.84,5.05,"BWDB",296.565,-0.216315,0.063982,15,2619.47,9,-0.108158,0.108158,1.05324,3.590025,2.009427,7.352967,9.94987,0.029426
"308",3227,"Point",3228,23.82,89.34,9.495,"BWDB",203.199,-0.324473,0.099098,12,6851.18,9,-0.108158,0.216315,1.79322,4.779105,5.800848,7.55041,12.0416,0.050319
"309",3229,"Point",3230,23.81,88.99,5.335,"BWDB",-1,0,0.079315,15,4714.11,9,0,0,0,1.837878,0.126833,10.491274,8,0.029822
"310",3230,"Point",3231,23.93,89.02,4.445,"BWDB",0,-0.324473,0.112638,17,3578.06,5,-0.216315,0.108158,2.35405,5.038814,8.126595,7.290949,16.5227,0.029562
"311",3237,"Point",3238,24.05,88.75,7.76,"BWDB",243.435,0.108158,0.006699,21,11438.5,9,0,-0.108158,1.05324,5.094103,4.9545,8.857044,15.4919,0.037143
"312",3242,"Point",3243,24.95,90.75,5.99,"BWDB",150.945,0.324473,0.123077,13,1884.52,5,0.158076,-0.166396,2.42357,3.680489,3.668041,5.87672,11.6189,0.041053
"313",3244,"Point",3245,25.08,90.7,4.01,"BWDB",-1,0,0.098708,15,7207.81,7,0,0,0,2.397494,0.177442,11.05089,0,0.024093
"314",3246,"Point",3247,24.74,90.82,5.39,"BWDB",-1,0,0.095666,11,2694.16,16,0,0,0,1.550196,0.106726,10.203592,13.2288,0.059904
"315",3254,"Point",3255,24.47,90.71,5.62,"BWDB",261.87,0,0.087001,14,2518.03,16,0,0,1.66504,4.015805,3.493868,6.927369,12.0416,0.075516
"316",3256,"Point",3257,24.91,90.34,4.74,"BWDB",161.565,0.108158,0.097217,19,7271.71,6,0,-0.108158,0.744795,2.585579,0.884613,6.971056,12,0.079799
"317",3258,"Point",3259,25.08,90.37,5.32,"BWDB",-1,0,0.090553,13,330,7,0,0,0,0.451584,0.055207,9.10498,9.32738,0.068744
"318",3261,"Point",3262,24.86,90.77,5.27,"BWDB",191.31,0.324473,0.1054,14,2969.39,16,0.216315,-0.108158,2.40062,3.671342,3.624763,5.885856,14.2478,0.051618
"319",3265,"Point",3266,24.55,90.68,5.92,"BWDB",-1,0,0.073492,12,192.094,5,0,0,0,4.363607,0.577269,13.017003,0,0.074086
"320",3273,"Point",3274,24.97,90.46,3.11,"BWDB",24.444,0.108158,0.136592,17,2220,6,-0.041599,-0.149757,2.84368,3.834709,4.480291,5.722734,18.2483,0.061674
"321",3274,"Point",3275,25.04,90.32,6.67,"BWDB",-1,0,0.096247,15,3288.66,5,0,0,0,3.016533,0.257254,11.669929,14.6969,0.077526
"322",3277,"Point",3278,25.15,90.68,2.89,"BWDB",309.289,0.108158,0.014178,22,13306.2,7,0.147094,0.038937,3.34382,3.991954,5.492998,5.565813,18.3303,0.01735
"323",3280,"Point",3281,24.71,90.27,4.5,"BWDB",-1,0,0.096963,16,7599.95,14,0,0,0,3.747421,0.398855,12.400817,10.247,0.080848
"324",3284,"Point",3285,24.59,91.1,5.04,"BWDB",-1,0,0.168054,7,2030.27,5,0,0,0,1.144731,0.083679,9.798127,3.87298,0.038736
"325",3286,"Point",3287,24.26,91.04,2.79,"BWDB",251.565,0.216315,0.157173,10,4859.63,5,0.108158,-0.108158,2.97667,3.878977,4.744939,5.678547,12.1244,0.052984
"326",3289,"Point",3290,24.36,90.7,2.11,"BWDB",150.945,0.324473,0.059234,18,6540,6,0.151421,-0.173052,2.42357,3.680489,3.668041,5.87672,13.8564,0.069411
"327",3291,"Point",3292,24.51,90.8,4.96,"BWDB",-1,0,0.089192,11,1282.65,5,0,0,0,0.451584,0.055207,9.10498,0,0.079624
"328",3292,"Point",3293,24.24,90.86,2.91,"BWDB",-1,0,0.075863,12,5124.47,16,0,0,0,0.451584,0.055207,9.10498,10.583,0.073389
"329",3293,"Point",3294,24.46,90.98,3.145,"BWDB",-1,0,0.159745,5,670.82,16,0,0,0,1.837878,0.126833,10.491274,3.31662,0.061466
"330",3294,"Point",3295,24.91,90.7,4.565,"BWDB",225,0.108158,0.142514,14,4631.77,6,0,-0.108158,0.666172,2.487879,0.77912,7.068743,10.583,0.048362
"331",3295,"Point",3296,24.85,90.47,4.205,"BWDB",-1,0,0.073968,14,2598.25,5,0,0,0,1.550196,0.106726,10.203592,5.38516,0.075217
"332",3296,"Point",3297,24.37,90.44,3.865,"BWDB",45,0,0.125777,11,1718.4,20,0,0,0.333097,4.913126,2.239599,10.634921,11.6189,0.034939
"333",3297,"Point",3298,24.61,90.59,2.07,"BWDB",225,0,0.084786,14,5833.05,6,0,0,0.333097,4.4023,1.648394,10.124095,7.74597,0.074124
"334",3298,"Point",3299,24.36,90.36,7.28,"BWDB",90,-0.108158,0.081335,15,3472.88,20,0,0.108158,0.942067,5.280391,5.161058,9.246095,16.0935,0.014352
"335",3299,"Point",3300,24.83,90.71,6.65,"BWDB",270,0.108158,0.091419,14,2710.65,16,0,-0.108158,0.942067,2.795484,1.162064,6.761189,12.4499,0.061361
"336",3302,"Point",3303,24.4,90.6,5.96,"BWDB",135,0.216315,0.112196,16,3510,14,0.135197,-0.081118,0.999202,2.848875,1.245555,6.70781,9.64365,0.055231
"337",3323,"Point",3324,23.99,89.23,7.15,"BWDB",85.6013,0,0.086156,16,6780,4,0.070302,0.070302,3.0681,3.90832,4.928873,5.649263,14.6969,0.029747
"338",3326,"Point",3327,24.02,89.65,5.715,"BWDB",45,0.43263,0.193241,12,450,6,0.189276,-0.243354,1.66504,3.322658,2.305093,6.234221,10.7238,0.073312
"339",3335,"Point",3336,24.07,89.04,5.16,"BWDB",212.005,-0.108158,0.079029,22,1590,4,-0.216315,-0.108158,4.43524,4.268137,7.85213,5.290517,25.2389,0.029512
"340",3336,"Point",3337,24.09,89.08,6.965,"BWDB",45,0.757103,0.076494,26,5217.24,4,0.43263,-0.324473,0.666172,2.487879,0.77912,7.068743,18.7617,0.028977
"341",3391,"Point",3392,25.47,89.46,5.6,"BWDB",-1,0,0.095135,25,660,7,0,0,0,3.496106,0.343027,12.149502,7.14143,0.121648
"342",3399,"Point",3400,25.14,88.92,6.82,"BWDB",270,-0.216315,0.046898,23,6460.67,6,-0.162236,0.054079,0.942067,6.784468,12.725249,10.750173,12.1244,0.026653
"343",3401,"Point",3402,25.09,88.92,6.08,"BWDB",90,-0.108158,0.055839,22,2905.05,6,0,0.108158,0.942067,5.360434,5.41497,9.326138,15.3297,0.035105
"344",3408,"Point",3409,25.02,88.45,4.4,"BWDB",180,-0.108158,0.030491,22,2422.58,3,0,0.108158,2.82417,5.437485,11.666407,7.338822,20,0.050515
"345",3410,"Point",3411,25.02,88.95,6.59,"BWDB",135,0.324473,0.10253,22,3907.49,6,0.216315,-0.108158,0.333097,1.917393,0.371152,7.639188,13.5647,0.039378
"346",3420,"Point",3421,24.34,88.77,4.88,"BWDB",-1,0,0.020934,19,8603.25,6,0,0,0,5.826862,1.388893,14.480258,8.7178,0.040988
"347",3432,"Point",3433,24.97,88.47,7.37,"BWDB",11.3099,0.108158,0.033595,29,1379.02,3,0,-0.108158,1.20084,3.01735,1.550384,6.539385,19.6214,0.04558
"348",3437,"Point",3438,25.1,88.72,6.96,"BWDB",251.565,-0.108158,0.040398,24,4784.41,3,0,0.108158,0.744795,9.951392,5.3597,14.336869,15.9687,0.057876
"349",3439,"Point",3440,24.9,88.73,7.14,"BWDB",-1,0,0.101596,20,5422.62,6,0,0,0,2.243343,0.161766,10.896739,9.16515,0.064137
"350",3448,"Point",3449,24.49,88.88,7.19,"BWDB",338.199,-0.108158,0.096215,17,300,6,-0.033279,0.074878,2.53517,3.723821,3.880154,5.833447,12,0.032578
"351",3449,"Point",3450,24.38,88.88,5.26,"BWDB",324.462,0.324473,0.058398,20,2761.47,6,0.064894,-0.259578,2.02533,3.508554,2.934416,6.048468,13.9642,0.035558
"352",3455,"Point",3456,24.84,88.19,7.29,"BWDB",-1,0,0.033557,25,4255.03,6,0,0,0,4.08917,0.489629,12.742566,19.6214,0.027956
"353",3457,"Point",3458,24.68,88.22,4.83,"BWDB",-1,0,0.084962,22,5580.08,16,0,0,0,0.451584,0.055207,9.10498,13.8564,0.021465
"354",3466,"Point",3467,24.47,89.14,7.405,"BWDB",258.69,0,0.158787,15,2522.32,6,0.086526,0.086526,2.40062,3.671342,3.624763,5.885856,11.3137,0.033424
"355",3472,"Point",3473,24.34,88.69,6.32,"BWDB",333.435,-0.216315,0.015639,20,9137.45,4,-0.108158,0.108158,1.05324,3.590025,2.009427,7.352967,9.16515,0.038558
"356",3474,"Point",3475,24.28,88.74,9.16,"BWDB",-1,0,0.002463,11,558.6,4,0,0,0,3.016533,0.257254,11.669929,0,0.046281
"357",3479,"Point",3480,24.61,88.13,5.44,"BWDB",90,-0.108158,0.05172,19,1288.6,4,0,0.108158,0.471065,9.144763,3.1393,14.313462,14.6629,0.025722
"358",3480,"Point",3481,24.7,88.12,4.92,"BWDB",-1,0,0.020973,24,9638.36,6,0,0,0,3.542626,0.352736,12.196022,10,0.027113
"359",3481,"Point",3482,24.76,88.22,7.39,"BWDB",26.5651,-0.108158,0.062943,24,2388.91,6,0,0.108158,1.05324,3.590025,2.009427,7.352967,10,0.02289
"360",3492,"Point",3493,24.97,88.97,7.01,"BWDB",171.87,0,0.118102,21,3819.44,3,0,0,1.66504,3.322658,2.305093,6.234221,11.3578,0.04673
"361",3496,"Point",3497,24.18,91.36,4.69,"BWDB",8.1301,0.108158,0.049179,21,6323.24,5,-0.108158,-0.216315,1.66504,3.322658,2.305093,6.234221,19.6723,0.046217
"362",3499,"Point",3500,24.21,91.73,3.565,"BWDB",52.5946,0.43263,0.008423,76,9788,19,0.402488,-0.030142,14.785,6.170527,5.2354,4.795188,74.2967,0.058559
"363",3502,"Point",3503,24.23,91.74,0.7,"BWDB",177.51,-0.757103,0.010682,71,8237.34,19,-0.540788,0.216315,5.40639,6.0726,5.1429,6.705923,65.7343,0.058352
"364",3509,"Point",3510,24.32,91.83,1.745,"BWDB",270,-0.108158,0.043575,31,4153.89,19,0,0.108158,0.471065,5.595146,4.092149,10.763844,22.2711,0.054002
"365",3512,"Point",3513,24.62,91.91,2.11,"BWDB",315,0.108158,0.150184,24,3325.81,5,0.166396,0.058239,3.32727,3.987126,5.458746,5.570631,24,0.039305
"366",3515,"Point",3516,24.64,92.02,2.53,"BWDB",300.964,-0.108158,0.130751,15,300,5,-0.033279,0.074878,2.74472,3.800455,4.285645,5.75693,10.9545,0.041117
"367",3519,"Point",3520,24.92,91.69,6.52,"BWDB",-1,0,0.119636,12,2457.99,16,0,0,0,2.849479,0.232719,11.502875,7.2111,0.026773
"368",3522,"Point",3523,24.74,91.76,4.05,"BWDB",330.945,0.108158,0.095969,23,10883.1,16,0.069221,-0.038937,4.83849,4.353708,8.769403,5.205335,21.2368,0.029799
"369",3535,"Point",3536,24.5,90.05,4.11,"BWDB",82.875,-0.324473,0.119473,19,3375.23,20,-0.11452,0.209953,3.79239,6.311956,4.67525,7.640596,24,0.056835
"370",3542,"Point",3543,24.36,90.05,8.74,"BWDB",45,0.216315,0.124159,12,488.365,16,0,0,0.333097,1.917393,0.371152,7.639188,8.66025,0.065613
"371",3543,"Point",3544,24.43,90.07,5.785,"BWDB",351.87,0.324473,0.118144,30,2665.95,20,0.194684,-0.129789,1.66504,3.322658,2.305093,6.234221,25.4558,0.053486
"372",3544,"Point",3545,24.25,90.23,5.34,"BWDB",173.66,-0.216315,0.051555,14,1355.32,20,0,0.216315,2.1319,6.958724,5.2204,9.400739,18.2483,0.026023
"373",3547,"Point",3548,24.51,90.11,5.785,"BWDB",295.346,0,0.076284,19,1795.24,20,0.074756,0.074756,4.93963,4.374084,9.002992,5.185062,18.9737,0.0397
"374",3549,"Point",3550,24.48,90,6.43,"BWDB",101.31,0.648945,0.141545,37,4593.53,5,0.216315,-0.43263,1.20084,3.01735,1.550384,6.539385,28.1425,0.075526
"375",3569,"Point",3570,22.206,91.152,23.091648,"DPHE",-1,0,0,5,2258.52,13,0,0,0,2.397494,0.177442,11.05089,8.66025,0.040488
"376",3574,"Point",3575,22.17,91.09,1.28,"BWDB",324.462,-0.108158,0,5,6208.57,13,-0.064894,0.043263,2.02533,3.508554,2.934416,6.048468,10.247,0.040712
