"","V1","V2","V3","V4","V5","V6","V7","V8","V9","V10","V11","V12","V13","V14","V15","V16","V17"
"1",0.004,0.084,0.294,0.044,0.024,0.022,0.028,0.082,0.034,0.032,0.072,0.076,0.062,0.134,0.0654672076608206,1,1
"2",0.034,0.15,0.16,0.844,0.378,0.342,0.196,0.422,0.646,0.126,0.568,0.002,0.176,0.382,0.312676522145945,1,1
"3",0.498,0.238,0.122,0.266,0.118,0.198,0.402,0.242,0.016,0.098,0.358,0.282,0.308,0.406,0.247844483574545,1,1
"4",0.13,0.262,0.08,0.564,0.478,0.478,0.244,0.206,0.254,0.01,0.528,0.146,0.308,0.274,0.282450748980906,1,1
"5",0.136,0.41,0.766,0.926,0.486,0.57,0.242,0.652,0.706,0.886,0.548,0.134,0.09,0.848,0.509992342360315,2,1
"6",0,0.008,0.074,0.046,0.384,0.496,0.006,0.19,0.232,0.012,0.404,0.112,0,0.008,0.148438472611351,1,1
"7",0.58,0.814,0.204,0.094,0.936,0.13,0.112,0.12,0.272,0.244,0.876,0.57,0.264,0.668,0.405898817514664,1,1
"8",0.53,0.8,0.924,0.782,0.87,0.92,0.926,0.852,0.898,0.878,0.958,0.84,0.904,0.636,0.848235764202315,2,2
"9",0.014,0.03,0.048,0.164,0.028,0.008,0.014,0.104,0.002,0.354,0.188,0.02,0.002,0.308,0.0828000207074368,1,1
"10",0,0.002,0.002,0.064,0.018,0,0.002,0.02,0.064,0.004,0.014,0.002,0.026,0.116,0.0196154599986952,1,1
"11",0.084,0.014,0.014,0.35,0.054,0.022,0.21,0.436,0.018,0.018,0.194,0.536,0.026,0.624,0.164975770876527,1,1
"12",0.006,0.49,0.08,0.064,0.098,0.676,0.28,0.706,0.262,0.71,0.83,0.09,0.636,0.074,0.382700653592346,1,1
"13",0.012,0.022,0.082,0.214,0.054,0.104,0.026,0.032,0.372,0.032,0.41,0.044,0.174,0.182,0.124492985624269,1,1
"14",0.02,0.044,0.026,0.012,0.042,0.016,0.042,0.002,0.148,0.014,0.038,0.022,0.006,0.378,0.0437498222939579,1,1
"15",0.056,0.176,0.218,0.22,0.354,0.154,0.234,0.258,0.206,0.506,0.3,0.098,0.016,0.4,0.222133538329139,1,1
"16",0.068,0.058,0.194,0.052,0.218,0.242,0.084,0.012,0.042,0.222,0.16,0.046,0.028,0.152,0.110476088232541,1,1
"17",0,0.206,0.028,0,0.586,0.5,0.018,0.262,0.242,0.002,0.378,0.004,0,0.102,0.171104327770582,1,1
"18",0.08,0.038,0.398,0.15,0.034,0.294,0.22,0.002,0.022,0.014,0.372,0.166,0.124,0.414,0.152801043104926,1,1
"19",0.306,0.37,0.472,0.036,0.568,0.754,0.014,0.752,0.602,0.15,0.726,0.354,0.006,0.452,0.395635662515288,1,1
"20",0.106,0.062,0.1,0.194,0.008,0.12,0.016,0.126,0.018,0.07,0.146,0.03,0.028,0.174,0.0802478175365426,1,1
"21",0.2,0.122,0.01,0.402,0.472,0.764,0.076,0.578,0.024,0.032,0.696,0.806,0.028,0.522,0.328085953265335,1,1
"22",0.096,0.086,0.018,0.24,0.078,0.004,0.004,0.01,0.014,0.02,0.022,0.176,0.116,0.648,0.0822031816262664,1,1
"23",0.064,0.01,0.17,0.496,0.284,0.41,0.052,0.306,0.072,0.216,0.574,0.122,0.188,0.304,0.229697242490021,1,1
"24",0.002,0.01,0.036,0.022,0.03,0,0.002,0.004,0.064,0.158,0.418,0.018,0.006,0.072,0.061536309473961,1,1
"25",0.914,0.992,0.9,0.892,0.976,0.966,0.966,0.978,0.924,0.862,0.956,0.93,0.978,0.964,0.942530003246905,2,2
"26",0.276,0.954,0.872,0.768,0.502,0.554,0.628,0.222,0.342,0.096,0.334,0.32,0.92,0.242,0.505028114467958,2,1
"27",0.218,0.26,0.64,0.196,0.01,0.29,0.846,0.118,0.796,0.03,0.094,0.688,0.888,0.15,0.385808351750242,1,1
"28",0.008,0.11,0.014,0.008,0,0,0.016,0.002,0,0.002,0.008,0.002,0.004,0.016,0.0128824603474977,1,1
"29",0.644,0.782,0.172,0.154,0.82,0.808,0.084,0.028,0.224,0.264,0.024,0.08,0.472,0.698,0.357105362122893,1,1
"30",0.014,0,0.044,0.006,0.002,0,0.01,0.004,0.05,0,0,0.092,0,0.192,0.0216219259456071,1,1
"31",0.098,0.314,0.402,0.37,0.566,0.204,0.196,0.178,0.098,0.128,0.506,0.444,0.13,0.614,0.283706699785613,1,1
"32",0.976,0.98,0.956,0.984,0.986,0.974,0.962,0.93,0.956,0.942,0.966,0.882,0.924,0.728,0.948155127952679,2,2
"33",0.958,0.82,0.86,0.912,0.476,0.496,0.888,0.526,0.532,0.81,0.528,0.738,0.706,0.46,0.699625169874474,2,2
"34",0.076,0.248,0.662,0.23,0.706,0.128,0.16,0.098,0.194,0.112,0.664,0.21,0.032,0.064,0.258504950890421,1,1
"35",0.606,0.266,0.008,0.378,0.938,0.38,0.974,0.962,0.846,0.134,0.334,0.108,0.276,0.698,0.495643990250073,1,1
"36",0,0.002,0.006,0,0,0,0.002,0,0,0.006,0.062,0.004,0.012,0.01,0.00756143402619667,1,1
"37",0.09,0.14,0.764,0.08,0.842,0.058,0.688,0.844,0.816,0.004,0.322,0.228,0.012,0.678,0.387506715678838,1,1
"38",0.932,0.976,0.984,0.968,0.994,0.96,0.952,0.962,0.968,0.956,0.954,0.904,0.836,0.488,0.935294262731807,2,2
"39",0.044,0.848,0.2,0.296,0.118,0.032,0.824,0.642,0.01,0.236,0.72,0.32,0.1,0.232,0.3380692158407,1,1
"40",0.006,0.126,0.274,0.244,0.054,0.136,0.11,0.022,0.28,0.164,0.728,0.076,0.258,0.02,0.186619699974073,1,1
"41",0.476,0.03,0.378,0.018,0.106,0.126,0.928,0.026,0.11,0.064,0.496,0.478,0.002,0.218,0.25110246530309,1,1
"42",0.052,0.138,0.018,0.336,0.54,0.38,0.082,0.562,0.434,0.082,0.384,0.084,0.528,0.072,0.277097745740096,1,1
"43",0.35,0.064,0.682,0.244,0.512,0.452,0.712,0.46,0.628,0.062,0.786,0.056,0.044,0.264,0.388166678052144,1,1
"44",0.702,0.71,0.01,0.672,0.248,0.326,0,0.894,0.886,0.034,0.924,0.018,0.012,0.516,0.422181023902525,1,1
"45",0.106,0.208,0.03,0.15,0.026,0.06,0.118,0.02,0.38,0.038,0.386,0.098,0.06,0.44,0.13956946157976,1,1
"46",0.914,0.894,0.948,0.958,0.72,0.694,0.962,0.502,0.706,0.932,0.61,0.954,0.938,0.016,0.797594918033895,2,2
"47",0.966,0.964,0.976,0.92,0.996,0.994,0.93,0.982,0.992,0.978,0.994,0.956,0.99,0.312,0.953287091208742,2,2
"48",0,0.008,0.138,0,0,0.068,0,0.002,0,0.022,0.212,0,0.078,0.05,0.0408397615986784,1,1
"49",0.312,0.03,0.164,0.974,0.256,0.23,0.24,0.576,0.922,0.056,0.014,0.654,0.686,0.468,0.393825235146724,1,1
"50",0.992,0.966,0.964,0.278,0.266,0.968,0.008,0.774,0.954,0.914,0.96,0.966,0.962,0.964,0.771772944240442,2,2
"51",0.11,0.11,0.208,0.306,0.508,0.474,0.812,0.48,0.726,0.052,0.522,0.312,0.336,0.518,0.393161272633641,1,1
"52",0.044,0.018,0.018,0.196,0.602,0.014,0.02,0.02,0.086,0.182,0.25,0.27,0.62,0.334,0.185706256323829,1,1
"53",0.01,0,0.272,0.228,0.048,0.068,0.044,0.27,0.276,0.444,0.098,0.048,0.674,0.842,0.213574157705716,1,1
"54",0.896,0.966,0.13,0.82,0.138,0.99,0.974,0.982,0.984,0.152,0.954,0.928,0.97,0.484,0.759569681467724,2,1
"55",0.686,0.952,0.368,0.312,0.336,0.142,0.136,0.954,0.124,0.158,0.882,0.302,0.128,0.758,0.428963652235856,1,1
"56",0.322,0.744,0.894,0.904,0.982,0.904,0.988,0.912,0.974,0.978,0.974,0.11,0.114,0.706,0.75495440978338,2,1
"57",0.024,0.044,0.326,0.136,0.05,0.284,0.008,0.02,0.076,0,0.122,0.046,0.016,0.142,0.0864626394347491,1,1
"58",0.756,0.934,0.068,0.942,0.068,0.892,0.858,0.718,0.038,0.704,0.902,0.896,0.014,0.44,0.593901033628873,2,1
"59",0.006,0.008,0.3,0.062,0.02,0.008,0.022,0.01,0.008,0.006,0.458,0.008,0,0.076,0.0690258495876875,1,1
"60",0.35,0.786,0.314,0.236,0.32,0.922,0.914,0.906,0.968,0.926,0.944,0.914,0.786,0.266,0.715105941199002,2,1
"61",0.942,0.802,0.026,0.898,0.812,0.928,0.874,0.908,0.94,0.956,0.98,0.814,0.896,0.582,0.831748638882278,2,2
"62",0.82,0.92,0.94,0.978,0.68,0.56,0.934,0.718,0.692,0.87,0.638,0.952,0.854,0.242,0.791226913087902,2,2
"63",0.072,0.026,0.742,0.702,0.494,0.486,0.052,0.542,0.622,0.164,0.602,0.502,0.296,0.396,0.401331562162964,1,1
"64",0.728,0.152,0.896,0.48,0.938,0.884,0.864,0.942,0.962,0.936,0.97,0.04,0.906,0.87,0.761465416195588,2,2
"65",0.814,0.826,0.798,0.762,0.81,0.536,0.724,0.748,0.918,0.848,0.908,0.758,0.886,0.858,0.797797422748191,2,2
"66",0.98,0.974,0.982,0.926,0.946,0.984,0.946,0.988,0.994,0.982,0.982,0.98,0.922,0.874,0.965523432449059,2,2
"67",0.052,0.006,0.07,0.002,0.004,0.006,0.004,0.026,0.018,0,0.012,0.012,0.016,0.326,0.0261125842733812,1,1
"68",0.02,0.696,0.64,0.386,0.606,0.588,0.046,0.634,0.742,0.042,0.618,0.13,0.066,0.638,0.403136145375396,1,1
"69",0.028,0.008,0.026,0.074,0.472,0.458,0,0.254,0.252,0.006,0.54,0.032,0.002,0.118,0.166904496826758,1,1
"70",0,0.188,0,0,0.356,0.55,0.004,0.2,0.32,0,0.402,0.004,0,0.004,0.153902184892434,1,1
"71",0.034,0.262,0.496,0.348,0.564,0.562,0.008,0.516,0.408,0.212,0.868,0.086,0.058,0.48,0.342976060539481,1,1
"72",0.502,0.03,0.534,0.386,0.39,0.482,0.504,0.054,0.088,0.208,0.114,0.086,0.102,0.216,0.262351845350024,1,1
"73",0.142,0.04,0.102,0.102,0.02,0.424,0.004,0.026,0.584,0.248,0.404,0.004,0.092,0.344,0.177379950165074,1,1
"74",0.022,0.012,0.24,0.074,0.024,0.1,0.036,0.008,0.002,0.004,0.076,0,0.082,0.272,0.056717147918008,1,1
"75",0.152,0.106,0.28,0.13,0.274,0.074,0.076,0.05,0.094,0.144,0.552,0.552,0.076,0.41,0.200197439720336,1,1
"76",0,0.038,0.002,0.054,0.008,0.004,0.006,0,0.006,0.042,0.052,0.016,0,0.046,0.0180787921452908,1,1
"77",0.042,0.034,0.018,0.108,0.012,0.024,0.396,0.018,0.09,0.072,0,0.444,0.114,0.31,0.112613584421886,1,1
"78",0.696,0.082,0.484,0.74,0.792,0.344,0.1,0.926,0.336,0.34,0.894,0.19,0.042,0.11,0.44629334571317,1,1
"79",0.028,0,0.038,0.002,0.016,0,0.158,0.026,0,0.154,0.066,0.04,0.082,0.18,0.0529121970575181,1,1
"80",0.33,0.002,0.276,0.16,0.068,0.132,0,0.056,0.028,0.008,0.184,0.098,0.002,0.3,0.105339535253931,1,1
"81",0.544,0.664,0.326,0.076,0.196,0.148,0.164,0.014,0.018,0.02,0.492,0.69,0.046,0.664,0.265840942200755,1,1
"82",0.034,0.222,0.522,0.03,0.26,0.562,0.012,0.094,0.102,0.078,0.102,0.044,0.01,0.18,0.15504173636354,1,1
"83",0.026,0.118,0.448,0.026,0.506,0.538,0.574,0.586,0.62,0.182,0.508,0.468,0.848,0.162,0.420468268497959,1,2
"84",0.072,0.05,0.038,0.19,0.07,0.03,0.006,0.034,0.05,0.072,0.218,0.314,0.002,0.23,0.0901188068600786,1,1
"85",0.634,0.462,0.626,0.656,0.316,0.452,0.014,0.516,0.51,0.302,0.304,0.014,0.29,0.718,0.395114550230971,1,1
"86",0.134,0.462,0.046,0.66,0.556,0.484,0.064,0.524,0.654,0.254,0.652,0.036,0.076,0.458,0.357361985237618,1,1
"87",0.046,0.162,0.24,0.206,0.202,0,0.05,0.536,0.054,0.068,0.53,0.43,0.614,0.482,0.249938788918214,1,1
"88",0.066,0.238,0.056,0.072,0.1,0.07,0.01,0.06,0.006,0.048,0.014,0.012,0.07,0.102,0.062792095319902,1,1
"89",0.758,0.62,0.602,0.028,0.87,0.298,0.31,0.006,0.32,0.032,0.898,0.776,0.118,0.686,0.433997899748262,1,1
"90",0.898,0.294,0.806,0.958,0.976,0.896,0.988,0.976,0.984,0.976,0.986,0.934,0.948,0.646,0.891973021480791,2,2
"91",0.968,0.984,0.996,0.97,0.974,0.988,0.97,0.968,0.954,0.994,0.974,0.974,0.99,0.506,0.963208988156043,2,2
"92",0.084,0.016,0.672,0.788,0.954,0.894,0.958,0.938,0.042,0.05,0.368,0.82,0.11,0.802,0.519441318966487,2,1
"93",0.06,0.466,0.13,0.648,0.85,0.518,0.288,0.228,0.262,0.246,0.458,0.21,0.576,0.566,0.384120952931995,1,1
"94",0.974,0.68,0.1,0.898,0.984,0.112,0.972,0.988,0.994,0.98,0.968,0.922,0.03,0.316,0.732050465377238,2,2
"95",0.096,0.23,0.448,0.45,0.416,0.05,0.1,0.026,0.178,0.472,0.49,0.08,0.012,0.262,0.230400273356923,1,1
"96",0.962,0.992,1,0.974,0.98,0.962,0.978,0.986,0.97,0.988,0.988,0.944,0.978,0.23,0.955121201646363,2,2
"97",0.002,0.046,0.046,0.028,0.034,0.012,0,0.026,0.018,0,0.122,0.084,0.008,0.326,0.0407603290215342,1,1
"98",0.002,0.02,0.034,0.066,0.106,0.02,0,0.036,0.096,0.028,0.384,0.016,0.024,0.11,0.0663535130606476,1,1
"99",0.046,0.062,0.086,0.148,0.12,0.038,0.352,0.226,0.092,0.01,0.042,0.078,0.124,0.9,0.134682637279625,1,1
"100",0.054,0.092,0.08,0.06,0.04,0.052,0.192,0.016,0.006,0.042,0.244,0.046,0.05,0.418,0.0858311593121121,1,1
"101",0.94,0.89,0.922,0.956,0.952,0.968,0.914,0.932,0.864,0.888,0.914,0.93,0.966,0.608,0.916067425213528,2,2
"102",0,0.062,0.068,0.028,0.41,0.528,0,0.194,0.25,0.004,0.43,0.058,0.01,0,0.154336257685228,1,1
"103",0.084,0.002,0.022,0.07,0.044,0.002,0.09,0.018,0.092,0.072,0.318,0.162,0.048,0.086,0.0801801209897129,1,1
"104",0,0,0.004,0,0.338,0.518,0,0.204,0.278,0.008,0.336,0.018,0.002,0.014,0.130915607470757,1,1
"105",0.142,0.952,0.964,0.962,0.58,0.686,0.966,0.418,0.488,0.92,0.484,0.908,0.912,0.304,0.704227113875251,2,2
"106",0.982,0.974,0.982,0.986,0.98,0.99,0.994,0.988,0.994,0.974,1,0.988,0.982,0.12,0.960440594232988,2,2
"107",0.228,0.03,0.3,0.174,0.044,0.148,0.75,0.764,0.146,0.092,0.028,0.94,0.472,0.16,0.31615130121619,1,1
"108",0.272,0.97,0.978,0.942,0.94,0.958,0.98,0.986,0.97,0.992,0.97,0.934,0.996,0.852,0.914227993031179,2,2
"109",0.192,0.3,0.266,0.118,0.708,0.362,0.362,0.5,0.104,0.884,0.974,0.782,0.486,0.586,0.474445318599711,1,1
"110",0.982,0.956,0.99,0.964,0.952,0.964,0.98,0.986,0.996,0.99,0.99,0.922,0.992,0.208,0.952320554413764,2,2
"111",0.15,0.14,0.07,0.086,0.656,0.2,0.04,0.284,0.402,0.51,0.514,0.382,0.31,0.734,0.305467234880368,1,1
"112",0.718,0.958,0.856,0.858,0.386,0.558,0.98,0.544,0.528,0.108,0.59,0.6,0.9,0.516,0.650946438329462,2,2
"113",0.832,0.056,0.734,0.132,0.578,0.688,0.934,0.91,0.896,0.858,0.866,0.058,0.826,0.388,0.652372087630469,2,2
"114",0.246,0.304,0.048,0.832,0.274,0.232,0.186,0.65,0.08,0.216,0.79,0.14,0.664,0.652,0.368972908694125,1,1
"115",0,0.034,0.22,0.038,0.062,0,0.016,0.038,0.03,0.002,0.158,0,0.002,0.116,0.0464900173555173,1,1
"116",0.296,0.666,0.68,0.484,0.776,0.72,0.9,0.936,0.042,0.964,0.95,0.716,0.1,0.41,0.628559806568795,2,2
"117",0,0,0.002,0.006,0,0,0.01,0.002,0.056,0,0.014,0.02,0,0.052,0.00994231228289878,1,1
"118",0.076,0.018,0.106,0.254,0.12,0.15,0.232,0.008,0.098,0.028,0.01,0.052,0.08,0.82,0.114983070995756,1,1
"119",0.95,0.996,0.986,0.99,0.998,0.984,0.986,0.994,0.992,0.998,0.978,0.98,0.96,0.29,0.963539738831853,2,2
"120",0.004,0.004,0.07,0.032,0.256,0.054,0.026,0.104,0.006,0.128,0.318,0.042,0.098,0.176,0.0919080547385482,1,1
"121",0.922,0.72,0.914,0.864,0.836,0.988,0.998,0.994,0.98,0.986,0.818,0.308,0.938,0.734,0.868219835655131,2,1
"122",0.026,0.002,0.078,0.098,0.148,0.078,0.012,0.006,0.172,0.072,0.07,0.006,0.076,0.376,0.0739385821019222,1,1
"123",0.002,0.052,0.028,0.004,0.01,0.014,0.014,0.034,0.004,0.078,0.012,0.076,0.002,0.272,0.0324716974104483,1,1
"124",0.09,0.39,0.308,0.294,0.37,0.494,0.746,0.208,0.368,0.126,0.292,0.322,0.15,0.088,0.314222869022066,1,1
"125",0.016,0.03,0.026,0.02,0.004,0.022,0.004,0.018,0.026,0.004,0.014,0.236,0.006,0.342,0.0406099726356873,1,1
"126",0.062,0.032,0.012,0.016,0.1,0.122,0.006,0.074,0.196,0.004,0.432,0.146,0,0.262,0.0990977524243238,1,1
"127",0.324,0.114,0.376,0.316,0.972,0.136,0.928,0.364,0.386,0.998,0.998,0.14,0.996,0.726,0.561622696602653,2,2
"128",0,0.176,0,0,0.018,0.004,0.004,0,0.09,0.002,0.162,0.022,0.006,0.012,0.0365351466089661,1,1
"129",0.02,0.114,0.096,0.07,0.104,0.026,0.098,0.058,0.04,0.184,0.022,0.15,0.138,0.304,0.0924521896981805,1,1
"130",0.118,0.304,0.304,0.108,0.37,0.92,0.044,0.322,0.014,0.978,0.96,0.036,0.91,0.196,0.417144653698793,1,1
"131",0.138,0.44,0.558,0.436,0.812,0.816,0.104,0.854,0.816,0.094,0.72,0.248,0.078,0.27,0.462863508258697,1,1
"132",0.842,0.938,0.972,0.98,0.968,0.976,0.93,0.964,0.984,0.968,0.984,0.938,0.916,0.486,0.936970050057098,2,2
"133",0.074,0.018,0.04,0.098,0.002,0.004,0.004,0.112,0.014,0.012,0.01,0.04,0.004,0.236,0.0383649985899041,1,1
"134",0.404,0.018,0.052,0.44,0.51,0.536,0.868,0.564,0.63,0.078,0.58,0.57,0.226,0.728,0.43783867226697,1,1
"135",0,0.006,0.054,0.026,0.488,0.454,0.006,0.252,0.364,0.154,0.472,0.082,0.004,0.046,0.181379728460075,1,1
"136",0.032,0.004,0.064,0.254,0.036,0.048,0.002,0.002,0.006,0.01,0.012,0.16,0.154,0.16,0.0604847808001998,1,1
"137",0.114,0.336,0.888,0.846,0.946,0.986,0.99,0.962,0.966,0.926,0.988,0.948,0.956,0.922,0.843410782624802,2,2
"138",0.232,0.1,0.768,0.046,0,0.294,0.794,0.792,0.862,0.84,0.796,0.03,0.044,0.49,0.444445083603082,1,1
"139",0.014,0.096,0.392,0.042,0.112,0.144,0.212,0.032,0,0.002,0.332,0.064,0.058,0.338,0.1201386119662,1,1
"140",0.036,0.244,0.144,0.078,0.718,0.922,0.374,0.874,0.772,0.046,0.904,0.578,0.522,0.684,0.494042437276994,1,1
"141",0.972,0.822,0.9,0.876,0.878,0.926,0.944,0.88,0.956,0.918,0.968,0.856,0.972,0.47,0.901789317286766,2,2
"142",0.054,0.36,0.18,0.096,0.004,0.096,0.266,0.156,0.108,0.866,0.844,0.906,0.906,0.876,0.394062935788381,1,2
"143",0.968,0.886,0.07,0.952,0.75,0.882,0.778,0.314,0.692,0.598,0.61,0.64,0.712,0.738,0.68331983226893,2,1
"144",0.952,0.922,0.942,0.852,0.918,0.97,0.942,0.978,0.95,0.986,0.996,0.954,0.978,0.42,0.93538909005194,2,2
"145",0.838,0.81,0.848,0.256,0.962,0.9,0.898,0.904,0.958,0.928,0.956,0.114,0.12,0.474,0.729364544080172,2,1
"146",0.782,0.438,0.8,0.704,0.816,0.854,0.06,0.768,0.73,0.82,0.218,0.13,0.044,0.79,0.551916740601053,2,2
"147",0.024,0.282,0.06,0.068,0.934,0.274,0.138,0.102,0.392,0.112,0.028,0.308,0.316,0.262,0.234472542741549,1,1
"148",0.212,0.256,0.468,0.078,0.884,0.934,0.284,0.834,0.892,0.574,0.918,0.514,0.35,0.524,0.5609098133435,2,1
"149",0,0.146,0.008,0.004,0.708,0.604,0.006,0.228,0.3,0.004,0.406,0.008,0,0.07,0.185174276431543,1,1
"150",0.114,0.04,0.178,0.036,0.57,0.626,0.22,0.256,0.588,0.232,0.7,0.276,0.194,0.314,0.315991777145777,1,1
"151",0.002,0.248,0.87,0.098,0.562,0.568,0.944,0.706,0.776,0.956,0.604,0.872,0.366,0.302,0.581827311033075,2,1
"152",0.02,0.3,0.166,0.322,0.498,0.436,0.74,0.464,0.64,0.034,0.55,0.154,0.268,0.466,0.363283148694434,1,1
"153",0.02,0.008,0.144,0.01,0.196,0.05,0.144,0.022,0.078,0.22,0.014,0.056,0.332,0.22,0.105190240302097,1,1
"154",0.134,0.146,0.384,0.996,0.384,1,0.996,0.988,0.998,0.994,1,0.994,0.99,0.798,0.782598300656396,2,2
"155",0.202,0.448,0.92,0.694,0.784,0.742,0.9,0.66,0.868,0.72,0.674,0.358,0.084,0.418,0.613633167262724,2,1
"156",0.946,0.702,0.918,0.962,0.964,0.948,0.928,0.966,0.97,0.826,0.87,0.956,0.1,0.89,0.848002762326046,2,2
"157",0.89,0.962,0.966,0.964,0.106,0.96,0.95,0.958,0.738,0.75,0.884,0.846,0.926,0.716,0.834371998119531,2,2
"158",0.262,0.614,0.124,0.57,0.426,0.018,0.85,0.294,0.006,0.74,0.206,0.824,0.692,0.494,0.436347352270834,1,1
"159",0.49,0.146,0.042,0.128,0.06,0.214,0.008,0.226,0.368,0.306,0.258,0.156,0.11,0.77,0.212393736636587,1,1
"160",0,0.004,0.01,0.006,0.384,0.518,0.008,0.186,0.282,0,0.522,0.118,0,0.004,0.155412120777824,1,1
"161",0.026,0.018,0.096,0.068,0.066,0.072,0.17,0.004,0.388,0.052,0.752,0.156,0.094,0.078,0.152737679183704,1,1
"162",0.114,0.764,0.282,0.106,0.05,0.942,0.982,0.986,0.992,0.13,0.344,0.754,0.868,0.568,0.575026692977853,2,1
"163",0.922,0.022,0.95,0.778,0.976,0.968,0.948,0.972,0.976,0.96,0.938,0.54,0.69,0.666,0.820732545161078,2,2
"164",0.026,0.092,0.304,0.216,0.62,0.574,0.06,0.584,0.63,0.644,0.61,0.19,0.03,0.646,0.365644703762957,1,1
"165",0.906,0.698,0.042,0.298,0.442,0.428,0.176,0.254,0.344,0,0.466,0.146,0.124,0.506,0.335367373759309,1,1
"166",0.04,0.47,0.638,0.204,0.27,0.274,0.016,0.26,0.02,0.572,0.6,0.124,0.018,0.162,0.262011791051025,1,1
"167",0.71,0.43,0.526,0.166,0.142,0.28,0.168,0.414,0.464,0.136,0.328,0.2,0.47,0.71,0.350829366618714,1,1
"168",0.326,0.352,0.26,0.098,0.826,0.118,0.956,0.912,0.036,0.326,0.142,0.064,0.124,0.698,0.366992990333592,1,1
"169",0.18,0.826,0.86,0.956,0.51,0.556,0.79,0.644,0.786,0.936,0.564,0.834,0.888,0.294,0.703348983834802,2,2
"170",0.012,0.002,0.034,0.152,0.054,0.054,0.048,0.064,0.004,0,0.138,0.036,0.076,0.176,0.0551674299256586,1,1
"171",0.182,0.214,0.126,0.02,0.63,0.566,0.032,0.566,0.428,0.256,0.392,0.382,0.016,0.606,0.304972614851532,1,1
"172",0.708,0.744,0.638,0.678,0.726,0.662,0.714,0.832,0.842,0.94,0.986,0.884,0.7,0.584,0.771154922096618,2,2
"173",0.786,0.96,0.934,0.926,0.968,0.974,0.992,0.836,0.988,0.99,0.992,0.884,0.982,0.088,0.915521992832968,2,2
"174",0.962,0.82,0.67,0.67,0.882,0.896,0.938,0.872,0.872,0.924,0.98,0.964,0.99,0.65,0.878489340573273,2,2
"175",0,0.038,0.12,0.036,0.008,0.006,0.008,0.004,0.004,0.004,0.036,0.702,0.046,0.188,0.0769458884326576,1,2
"176",0.762,0.028,0.686,0.83,0.11,0.864,0.81,0.682,0.692,0.824,0.804,0.044,0.626,0.492,0.601395104161299,2,1
"177",0.496,0.518,0.272,0.878,0.858,0.796,0.844,0.81,0.834,0.842,0.846,0.634,0.406,0.56,0.696757079349339,2,1
"178",0.022,0.486,0.014,0.21,0.87,0.868,0.778,0.822,0.938,0.958,0.688,0.908,0.242,0.444,0.608765408619703,2,2
"179",0.138,0.07,0.696,0.784,0.658,0.58,0.254,0.584,0.572,0.258,0.678,0.428,0.106,0.662,0.447631068459727,1,1
"180",0.116,0.028,0.022,0.01,0.898,0.908,0.05,0.724,0.766,0.136,0.832,0.054,0.036,0.52,0.366622636187614,1,1
"181",0,0.124,0.038,0.6,0.462,0.62,0.654,0.618,0.608,0.648,0.462,0.668,0.006,0.01,0.417448278894115,1,2
"182",0.938,0.972,0.98,0.932,0.944,0.96,0.948,0.99,0.97,0.97,0.92,0.826,0.734,0.226,0.908391608601188,2,2
"183",0.392,0.99,0.982,0.772,0.932,0.386,0.362,0.994,0.996,0.988,0.166,0.338,1,0.244,0.698873788986736,2,2
"184",0.008,0.024,0.012,0.006,0.03,0.008,0.002,0.02,0.026,0.056,0.062,0,0.002,0.278,0.0276740978900119,1,1
"185",0.026,0.006,0.014,0.252,0.008,0.018,0.036,0.322,0,0.3,0.006,0.106,0.016,0.198,0.0893223798972194,1,1
"186",0,0.122,0,0,0.33,0.538,0.082,0.194,0.288,0.006,0.384,0.02,0.008,0.056,0.152260820106111,1,1
"187",0.714,0.31,0.012,0.256,0.306,0.042,0.032,0.076,0.08,0.06,0.174,0.272,0.212,0.228,0.193287050687376,1,1
"188",0.048,0.032,0.018,0.808,0.422,0.408,0.52,0.444,0.528,0.032,0.452,0.406,0.172,0.416,0.333729768257131,1,1
"189",0.164,0.064,0.572,0.196,0.162,0.65,0.02,0,0.042,0.186,0.206,0.074,0.234,0.616,0.205125013318229,1,1
"190",0.006,0.004,0.054,0.026,0.01,0.432,0.05,0.104,0.058,0.03,0.096,0.018,0.062,0.164,0.0771184839756193,1,1
"191",0.046,0.446,0.708,0.03,0.512,0.428,0.014,0.566,0.552,0.074,0.514,0.004,0.026,0.482,0.304445462217757,1,1
"192",0.61,0.08,0.282,0.254,0.556,0.462,0.082,0.182,0.324,0.688,0.492,0.184,0.012,0.274,0.322770735854221,1,1
"193",0.016,0.034,0.046,0.022,0.128,0.178,0.016,0.566,0.188,0.006,0.086,0.318,0.5,0.512,0.176451918523896,1,1
"194",0.55,0.516,0.89,0.828,0.98,0.972,0.962,0.892,0.954,0.97,0.946,0.942,0.954,0.798,0.875508873726337,2,2
"195",0.036,0.026,0.034,0.002,0.104,0.016,0.802,0.118,0.696,0.684,0.03,0.072,0.088,0.228,0.221052675937328,1,1
"196",0.198,0.298,0.788,0.906,0.93,0.944,0.174,0.012,0.772,0.932,0.91,0.754,0.786,0.68,0.642036736397147,2,2
"197",0.004,0.15,0.028,0,0.01,0.026,0.012,0,0.054,0.008,0,0.008,0.004,0.056,0.0236546921996945,1,1
"198",0.042,0.022,0.05,0.576,0.324,0.096,0.092,0.112,0.238,0.086,0.016,0.09,0.098,0.3,0.14285750902698,1,1
"199",0,0.032,0.014,0,0.364,0.56,0.038,0.266,0.272,0,0.408,0.03,0,0.082,0.154150469994937,1,1
"200",0.362,0.098,0.116,0.966,0.112,0.956,0.974,0.992,0.976,0.98,0.964,0.942,0.962,0.264,0.724749285305633,2,2
"201",0,0.016,0.022,0.006,0,0.102,0.002,0.004,0.002,0.002,0.056,0,0.008,0.04,0.0176275343097736,1,1
"202",0.944,0.968,0.954,0.984,0.982,0.948,0.978,0.926,0.988,0.954,0.992,0.966,0.972,0.748,0.959413760204864,2,2
"203",0.236,0.016,0.132,0.52,0.028,0.072,0.026,0.062,0.192,0.008,0.126,0.03,0.066,0.46,0.122256266233273,1,1
"204",0.14,0.04,0.006,0.072,0.004,0.002,0.062,0.126,0,0.026,0.056,0.082,0.046,0.55,0.0658478130292416,1,1
"205",0.042,0.158,0.584,0.864,0.296,0.044,0.024,0.784,0.638,0.234,0.646,0.554,0.034,0.564,0.376075572043249,1,1
"206",0.054,0.636,0.712,0.714,0.04,0.698,0.294,0.102,0.092,0.276,0.91,0.558,0.064,0.526,0.389706468493206,1,1
"207",0.026,0.004,0.046,0.378,0.054,0.03,0.02,0.05,0.008,0.176,0.028,0.1,0,0.534,0.0814340777735627,1,1
"208",0.006,0.042,0.022,0.026,0.004,0.128,0.086,0.026,0.048,0.002,0.204,0.064,0.068,0.388,0.066824102322855,1,1
"209",0.876,0.906,0.874,0.878,0.406,0.304,0.894,0.614,0.588,0.856,0.32,0.854,0.906,0.432,0.7012226705192,2,2
"210",0.026,0.246,0.13,0.234,0.22,0.246,0.062,0.032,0.162,0.04,0.518,0.008,0.048,0.434,0.158784483669652,1,1
"211",0.934,0.948,0.952,0.96,0.99,0.98,0.972,0.996,0.982,0.986,0.998,0.968,0.986,0.422,0.957889797888399,2,2
"212",0.004,0.032,0.044,0.018,0.098,0.15,0,0.35,0.096,0.026,0.42,0.222,0.02,0.29,0.121282638801178,1,1
"213",0.048,0.1,0.104,0.23,0.396,0.07,0.376,0.006,0.158,0.15,0.186,0.246,0.05,0.302,0.166984994050711,1,1
"214",0.712,0.832,0.766,0.926,0.848,0.748,0.794,0.796,0.8,0.82,0.862,0.814,0.824,0.728,0.807850659862135,2,2
"215",0.056,0.016,0.092,0.024,0.008,0.002,0.102,0.02,0.004,0.008,0,0.03,0.072,0.23,0.0390239943643283,1,1
"216",0.946,0.948,0.956,0.98,0.878,0.972,0.756,0.974,0.946,0.95,0.966,0.928,0.934,0.92,0.931573426888239,2,2
"217",0.088,0.024,0.04,0.608,0,0.04,0.098,0.082,0.092,0.074,0.054,0.046,0.002,0.076,0.0913156401101745,1,1
"218",0.346,0.736,0.712,0.882,0.788,0.614,0.938,0.548,0.484,0.964,0.66,0.918,0.986,0.318,0.724342565928714,2,2
"219",0,0.146,0.006,0.294,0.16,0.078,0.05,0.012,0.198,0.008,0.368,0,0.11,0.758,0.128586772733551,1,1
"220",0,0.034,0.002,0.088,0.458,0.518,0.002,0.202,0.308,0.016,0.424,0.04,0.262,0.082,0.181808637601927,1,1
"221",0.092,0.116,0.528,0.174,0.504,0.448,0.824,0.648,0.608,0.974,0.506,0.06,0.024,0.184,0.426928485331902,1,2
"222",0.012,0.01,0.014,0.004,0.008,0.004,0.002,0.056,0.014,0,0,0.094,0.02,0.478,0.0316341826798287,1,1
"223",0.026,0.496,0.268,0.708,0.612,0,0.114,0.522,0.49,0.142,0.492,0.104,0.104,0.392,0.311647333466752,1,1
"224",0.224,0.238,0.062,0.248,0.058,0.804,0.418,0.486,0.528,0.806,0.41,0.062,0.068,0.53,0.354441409705862,1,1
"225",0.336,0.394,0.498,0.354,0.294,0.818,0.004,0.17,0.004,0.198,0.096,0.374,0.012,0.66,0.275059914345282,1,1
"226",0.072,0.026,0.122,0.458,0.434,0.332,0.118,0.4,0.652,0.12,0.31,0.2,0.07,0.858,0.27342202698961,1,1
"227",0.32,0.136,0.968,0.618,0.834,0.98,0.976,0.988,0.944,0.996,0.914,0.924,0.962,0.58,0.813868328796838,2,2
"228",0.014,0.098,0.222,0.52,0.1,0.606,0.25,0.264,0.748,0.308,0.106,0.344,0.816,0.324,0.341271105071974,1,1
"229",0.014,0.16,0.262,0.096,0.684,0.07,0.096,0.186,0.076,0.132,0.022,0.152,0.126,0.426,0.164837412084276,1,1
"230",0.49,0.02,0.026,0.048,0.062,0.004,0.178,0.082,0.036,0.078,0.004,0.144,0.046,0.386,0.10270349718199,1,1
"231",0,0.016,0.002,0,0.504,0.492,0,0.228,0.298,0.014,0.362,0.016,0.02,0.134,0.152867749140984,1,1
"232",0,0,0.02,0.014,0.036,0.026,0.002,0.006,0.002,0.03,0.032,0.002,0,0.026,0.0134044241975543,1,1
"233",0.358,0.338,0.084,0.092,0.054,0.056,0.094,0.052,0.004,0.064,0.098,0.246,0.208,0.186,0.133826054049593,1,1
"234",0.008,0.02,0,0.006,0,0.016,0,0,0.002,0.004,0.004,0.002,0.012,0.23,0.0122245506146669,1,1
"235",0.646,0.932,0.848,0.89,0.906,0.904,0.93,0.886,0.962,0.916,0.984,0.754,0.964,0.154,0.867233515390558,2,2
"236",0.31,0.704,0.734,0.116,0.12,0.094,0.32,0.028,0.952,0.378,0.3,0.354,0.676,0.628,0.397022554747645,1,1
"237",0,0.018,0.078,0.006,0.484,0.484,0.122,0.224,0.382,0.004,0.438,0.278,0.264,0.06,0.213419913037985,1,1
"238",0.97,0.98,0.94,0.912,0.96,0.99,0.926,0.992,0.972,0.996,0.976,0.984,0.99,0.226,0.94727412469219,2,2
"239",0.442,0.57,0.21,0.262,0.078,0.814,0.01,0.844,0.286,0.012,0.008,0.584,0.772,0.338,0.374877488182743,1,1
"240",0.27,0.252,0.836,0.974,0.936,0.982,0.94,0.982,0.126,0.942,0.962,0.082,0.342,0.654,0.665992341279161,2,1
"241",0.004,0.016,0.01,0.006,0.024,0.004,0.014,0.002,0,0.02,0.418,0.054,0.014,0.108,0.0482741340490969,1,1
"242",0.002,0.294,0.004,0.238,0.014,0.06,0.02,0.048,0.094,0.002,0.262,0.008,0.02,0.344,0.0879373652926734,1,1
"243",0.016,0.004,0.016,0.002,0,0.002,0.002,0.136,0.012,0.008,0.004,0.094,0,0.352,0.0326649011032869,1,1
"244",0.1,0.006,0.01,0.01,0.008,0,0.006,0.002,0.002,0.01,0.004,0.068,0.016,0.148,0.0219861437877907,1,1
"245",0,0.072,0.002,0.004,0.428,0.524,0.002,0.266,0.338,0.01,0.452,0.006,0.034,0.04,0.164634912342286,1,1
"246",0.944,0.982,0.944,0.958,0.898,0.934,0.996,0.966,0.984,0.994,0.986,0.974,0.974,0.538,0.952472504232186,2,2
"247",0.696,0.09,0.078,0.25,0.878,0.298,0.794,0.692,0.672,0.036,0.818,0.68,0.018,0.778,0.477864770193632,1,1
"248",0,0,0.118,0.004,0.448,0.482,0.002,0.19,0.226,0.002,0.406,0.026,0.008,0.024,0.145189221916157,1,1
"249",0.252,0.082,0.014,0.016,0.226,0.332,0.048,0.036,0.028,0.022,0.068,0.03,0.032,0.134,0.0923827270532395,1,1
"250",0.388,0.662,0.68,0.532,0.756,0.872,0.032,0.69,0.476,0.024,0.22,0.436,0.016,0.416,0.433186217876507,1,1
"251",0.072,0.17,0.744,0.812,0.062,0.878,0.808,0.838,0.028,0.486,0.528,0.006,0.688,0.44,0.473047378803479,1,1
"252",0.158,0.154,0.414,0.324,0.286,0.27,0.048,0.268,0.66,0.288,0.102,0.014,0.024,0.35,0.233037116492412,1,1
"253",0.31,0.266,0.096,0.27,0.108,0.002,0.104,0.046,0.756,0.734,0.152,0.072,0.018,0.214,0.228071816455827,1,1
"254",0.932,0.902,0.962,0.95,0.99,0.934,0.978,0.976,0.976,0.996,0.996,0.288,0.904,0.216,0.889608006510053,2,1
"255",0.11,0.138,0.022,0.094,0.266,0.25,0.078,0.07,0.126,0.014,0.212,0.096,0.378,0.742,0.161797893947503,1,1
"256",0.944,0.926,0.934,0.914,0.962,0.952,0.924,0.954,0.986,0.958,0.822,0.988,0.956,0.684,0.932461285834182,2,2
"257",0.114,0.036,0.19,0.83,0.238,0.916,0.748,0.81,0.53,0.248,0.116,0.024,0.022,0.326,0.373766981707064,1,1
"258",0.072,0.066,0.17,0.098,0.008,0.05,0.036,0.038,0.014,0.012,0.182,0.034,0.07,0.352,0.0723388146891194,1,1
"259",0.024,0.264,0.086,0.03,0.636,0.56,0.012,0.28,0.272,0.022,0.5,0.004,0.006,0.224,0.209339838641298,1,1
"260",0.816,0.914,0.946,0.966,0.82,0.922,0.948,0.978,0.956,0.86,0.932,0.044,0.066,0.252,0.766178809208773,2,1
"261",0.028,0,0.042,0.012,0.08,0.104,0.064,0.122,0.124,0.002,0.172,0.022,0.022,0.682,0.0809697594714927,1,1
"262",0.11,0.82,0.108,0.348,0.984,0.052,0.976,0.026,0.02,0.928,0.35,0.942,0.338,0.776,0.471910824329195,1,1
"263",0.044,0.008,0.052,0.326,0.066,0.012,0.17,0.046,0.022,0.014,0.15,0.024,0.114,0.142,0.0814749337929103,1,1
"264",0.116,0.298,0.564,0.912,0.706,0.234,0.902,0.862,0.93,0.844,0.91,0.73,0.228,0.594,0.636504090888086,2,1
"265",0.084,0.094,0.2,0.048,0.004,0.074,0.03,0.01,0.486,0.082,0.062,0.142,0.004,0.468,0.111657865264199,1,1
"266",0.656,0.558,0.21,0.204,0.266,0.332,0.012,0.228,0.216,0,0.318,0.168,0.006,0.436,0.244807600753251,1,1
"267",0,0.154,0.042,0.1,0.512,0.886,0.082,0.732,0.324,0.06,0.01,0.078,0.178,0.398,0.251715058305776,1,1
"268",0.148,0.63,0.246,0.332,0.15,0.844,0.66,0.884,0.692,0.35,0.75,0.012,0.296,0.456,0.470734515572817,1,2
"269",0.106,0.214,0.546,0.246,0.304,0.314,0.194,0.558,0.606,0.282,0.314,0.116,0.316,0.568,0.325315240083898,1,1
"270",0.802,0.56,0.44,0.87,0.926,0.928,0,0.972,0.98,0.986,0.972,0.326,0.284,0.46,0.68960068912385,2,2
"271",0.176,0.084,0.032,0.108,0.488,0.614,0.66,0.56,0.626,0.02,0.498,0.294,0.798,0.35,0.392989308181051,1,1
"272",0.094,0.026,0.092,0.346,0.106,0.062,0.14,0.176,0.212,0.268,0.024,0.066,0.018,0.21,0.127511056867856,1,1
"273",0.026,0.066,0.024,0.108,0.272,0.278,0.71,0.114,0.028,0.032,0.276,0.046,0.314,0.412,0.190010170495224,1,2
"274",0.026,0.148,0.92,0.884,0.868,0.922,0.734,0.872,0.894,0.78,0.838,0.774,0.03,0.202,0.653651777636227,2,2
"275",0.008,0.004,0.16,0.006,0.028,0.1,0.008,0.004,0.004,0.008,0.11,0.004,0.006,0.058,0.0342373451238981,1,1
"276",0.944,0.944,0.844,0.968,0.974,0.968,0.956,0.98,0.954,0.964,0.768,0.93,0.964,0.506,0.923255494540622,2,2
"277",0.71,0.538,0.304,0.018,0.292,0.194,0.114,0.286,0.262,0.076,0.22,-1,0.244,0.552,0.258198519563036,1,1
"278",0.002,0.024,0,0.004,0.416,0.536,0.006,0.222,0.272,0,0.37,0.014,0.002,0.026,0.143342988900632,1,1
"279",0.226,0.064,0.04,0.244,0.352,0.224,0.388,0.04,0.172,0.032,0.208,0.294,0.314,0.496,0.209919178544748,1,1
"280",0.286,0.036,0.018,0.24,0.114,0.004,0.008,0.042,0.424,0.398,0.408,0.246,0.088,0.644,0.193338224069935,1,1
"281",0.988,0.882,0.876,0.954,0.792,0.778,0.924,0.668,0.822,0.948,0.786,0.896,0.704,0.344,0.830122168067775,2,2
"282",0.39,0.048,0.052,0.418,0.264,0.116,0.11,0.166,0.022,0.624,0.1,0.22,0.036,0.6,0.208347427450102,1,1
"283",0.128,0.174,0.092,0.016,0.488,0.69,0.198,0.672,0.582,0.148,0.776,0.544,0.116,0.71,0.372873947014572,1,1
"284",0.414,0.036,0.084,0.148,0.014,0.014,0.028,0.004,0.004,0.034,0.01,0.016,0.004,0.434,0.0707975205136607,1,1
"285",0.016,0.084,0.716,0.092,0.294,0.838,0.038,0.758,0.834,0.736,0.76,0.02,0.098,0.384,0.411986623175249,1,1
"286",0.006,0.106,0.006,0.006,0.44,0.586,0.016,0.202,0.31,0,0.406,0,0.008,0.004,0.159271650331975,1,1
"287",0.102,0.198,0.03,0.29,0.116,0.482,0.046,0.03,0.214,0.09,0.138,0.032,0.074,0.596,0.153728665474089,1,1
"288",0.722,0.788,0.786,0.868,0.664,0.764,0.784,0.782,0.854,0.814,0.136,0.746,0.2,0.28,0.668136283766487,2,2
"289",0.08,0.39,0.602,0.202,0.038,0.082,0.484,0.07,0.186,0.014,0.558,0.06,0.04,0.098,0.209458581244689,1,1
"290",0.926,0.914,0.944,0.932,0.916,0.948,0.874,0.544,0.55,0.554,0.638,0.7,0.774,0.74,0.777664907803475,2,2
"291",0,0,0.172,0.12,0.054,0.024,0.028,0.012,0.046,0.002,0.534,0.006,0.064,0.038,0.0803303916631983,1,1
"292",0.966,0.952,0.936,0.918,0.98,0.978,0.996,0.954,1,0.962,1,0.976,0.99,0.62,0.960814817948449,2,2
"293",0.936,0.886,0.844,0.938,0.304,0.522,0.926,0.638,0.606,0.91,0.596,0.888,0.844,0.458,0.745354134456235,2,2
"294",0.034,0.016,0.014,0.014,0.216,0.292,0.006,0.174,0.372,0.052,0.084,0.026,0.11,0.426,0.120647769258852,1,1
"295",0.006,0.372,0.352,0.058,0.58,0.616,0.07,0.554,0.652,0.012,0.772,0.012,0.016,0.026,0.307379941041953,1,1
"296",0.008,0.006,0.014,0.026,0.002,0.018,0.002,0.01,0.002,0.006,0.002,0.034,0.024,0.216,0.0175322532314256,1,1
"297",0.55,0.3,0.016,0.63,0.708,0.664,0.094,0.816,0.5,0.322,0.414,0.614,0.14,0.516,0.445315712297091,1,1
"298",0.022,0.288,0.38,0.176,0.118,0.118,0.058,0.034,0.032,0.032,0.034,0.022,0.002,0.276,0.10045675774691,1,1
"299",0.304,0.032,0.022,0.022,0.042,0.016,0.03,0.058,0.638,0.002,0.018,0.084,0.092,0.346,0.113919871268317,1,1
"300",0.994,0.942,0.988,0.968,0.688,0.622,0.966,0.45,0.612,0.982,0.524,0.132,0.944,0.878,0.756181055905885,2,2
"301",0.136,0.508,0.188,0.428,0.366,0.614,0.098,0.256,0.054,0.046,0.044,0.23,0.024,0.53,0.232272693955638,1,1
"302",0.922,0.876,0.904,0.942,0.78,0.752,0.936,0.634,0.814,0.97,0.808,0.844,0.978,0.202,0.83810313656681,2,2
"303",0.004,0.04,0,0.008,0.05,0,0,0,0.012,0,0.006,0.044,0.02,0.006,0.01353776313776,1,1
"304",0.058,0.194,0.004,0.016,0.016,0.206,0.076,0.062,0.094,0.01,0.174,0.014,0.004,0.368,0.080928358909828,1,1
"305",0.004,0.054,0.666,0.792,0.432,0.49,0.852,0.456,0.46,0.158,0.418,0.73,0.004,0.29,0.415937021546547,1,1
"306",0.146,0.648,0.186,0.89,0.074,0.842,0.774,0.036,0.086,0.778,0.914,0.724,0.056,0.33,0.467268562408778,1,1
"307",0,0.02,0.11,0.002,0.008,0.066,0.012,0.006,0.014,0.006,0.014,0,0.192,0.004,0.0337389114145754,1,1
"308",0.062,0.142,0.076,0.668,0.192,0.168,0,0.352,0.234,0.078,0.146,0.046,0.628,0.736,0.228932331869388,1,1
"309",0.356,0.268,0.108,0.04,0.734,0.674,0.288,0.462,0.448,0.802,0.7,0.356,0.004,0.63,0.417160559882651,1,1
"310",0.32,0.814,0.108,0.642,0.028,0.124,0.902,0.114,0.848,0.106,0.852,0.092,0.038,0.804,0.399038160192581,1,1
"311",0.974,0.952,0.97,0.958,0.918,0.942,0.988,0.85,0.982,0.986,0.94,0.952,1,0.532,0.942348543774555,2,2
"312",0.104,0.012,0.006,0.002,0,0,0.012,0.004,0.004,0.014,0,0,0.026,0.232,0.0206116194516531,1,1
"313",0.278,0.3,0.142,0.658,0.436,0.418,0.01,0.452,0.628,0.056,0.57,0.018,0.318,0.362,0.329751647987317,1,1
"314",0.95,0.972,0.934,0.866,0.776,0.71,0.968,0.522,0.652,0.932,0.434,0.97,0.95,0.334,0.799478562012459,2,2
"315",0.126,0.512,0.032,0.518,0.43,0.37,0.008,0.442,0.538,0.034,0.436,0.146,0.484,0.228,0.310958687564314,1,1
"316",0.018,0.258,0.064,0.62,0.432,0.396,0.292,0.518,0.53,0.048,0.39,0.322,0.034,0.312,0.301560982761013,1,1
"317",0.604,0.96,0.84,0.942,0.766,0.736,0.744,0.792,0.522,0.87,0.584,0.94,0.346,0.55,0.729383152199898,2,2
"318",0.518,0.998,0.988,0.992,0.994,0.996,1,0.998,1,0.998,0.968,0.994,0.998,0.574,0.946487750945192,2,2
"319",0.978,0.962,0.976,0.97,0.988,0.97,0.984,0.998,0.99,0.992,0.984,0.978,0.996,0.53,0.969239337552662,2,2
"320",0.262,0.176,0.144,0.066,0.03,0.046,0.01,0.076,0.022,0.04,0.018,0.064,0.244,0.358,0.0984965561192244,1,1
"321",0.704,0.694,0.664,0.704,0.792,0.946,0.698,0.772,0.8,0.778,0.728,0.854,0.738,0.742,0.760010430068882,2,2
"322",0.898,0.812,0.876,0.886,0.86,0.924,0.902,0.882,0.986,0.984,0.984,0.978,0.978,0.228,0.900838586179124,2,2
"323",0,0.002,0.034,0,0,0.006,0.006,0,0.002,0.004,0.082,0.014,0.008,0.036,0.012876208345851,1,1
"324",0.2,0.18,0.136,0.092,0.132,0.024,0.038,0.004,0.02,0.018,0.002,0.218,0.256,0.19,0.101452186577297,1,1
"325",0.124,0.228,0.026,0.296,0.046,0.052,0.02,0,0.128,0.202,0.376,0.046,0.312,0.176,0.143905935518299,1,1
"326",0.022,0.714,0.17,0.564,0.604,0.218,0.788,0.01,0.252,0.278,0.632,0.054,0.634,0.234,0.378019425639876,1,1
"327",0.094,0.014,0.362,0.272,0.212,0.136,0.116,0.334,0.15,0.118,0.282,0.168,0.318,0.236,0.198509618587435,1,1
"328",0.024,0.008,0.008,0.086,0.046,0,0.02,0.002,0.142,0.046,0.024,0.044,0,0.478,0.0475011475995401,1,1
"329",0.018,0.088,0.008,0.252,0.074,0.002,0.044,0.076,0.048,0.01,0.266,0.014,0,0.068,0.0681928001810927,1,1
"330",0.554,0.684,0.822,0.774,0.37,0.944,0.522,0.63,0.022,0.2,0.034,0.132,0.11,0.46,0.435791214337134,1,1
"331",0.068,0.782,0.574,0.19,0.29,0.022,0.382,0.962,0.82,0.334,0.042,0.398,0.284,0.352,0.395564230138869,1,1
"332",0.954,0.962,0.94,0.918,0.95,0.942,0.928,0.956,0.984,0.976,0.938,0.948,0.96,0.482,0.93715170636254,2,2
"333",0.2,0.048,0.02,0.23,0.332,0.064,0.222,0.212,0.236,0.688,0.116,0.116,0.178,0.406,0.215274348339355,1,1
"334",0,0.04,0.022,0,0.474,0.518,0.006,0.222,0.314,0.004,0.392,0.008,0.002,0.012,0.152859867301764,1,1
"335",0.038,0.03,0.024,0.044,0.458,0.406,0.074,0.286,0.366,0.138,0.358,0.01,0.026,0.414,0.18500146711253,1,1
"336",0.242,0.988,0.988,0.958,0.088,0.294,0.998,0.994,1,1,0.986,0.992,0.996,0.488,0.802570346297473,2,1
"337",0.014,0.286,0.658,0.586,0.732,0.902,0.32,0.85,0.57,0.006,0.554,0.02,0.34,0.408,0.446868487373057,1,1
"338",0.016,0.096,0.172,0.878,0.1,0.12,0.142,0.444,0.426,0.666,0.102,0.774,0.906,0.902,0.387775716560338,1,2
"339",0,0,0,0.39,0,0.004,0,0.268,0.002,0.026,0.298,0.042,0.002,0.036,0.0771301791784834,1,1
"340",0.16,0.078,0.11,0.572,0.298,0.09,0.48,0.058,0.004,0.196,0.018,0.002,0.014,0.376,0.164097899894976,1,1
"341",0.348,0.318,0.746,0.868,0.952,0.958,0.13,0.344,0.144,0.962,0.974,0.966,0.996,0.074,0.646664444692669,2,2
"342",0.09,0.922,0.928,0.884,0.868,0.966,0.858,0.918,0.978,0.972,0.812,0.93,0.952,0.886,0.854233068159046,2,2
"343",0.108,0.186,0.108,0.22,0.068,0.282,0.904,0.054,0.118,0.252,0.02,0.884,0.108,0.504,0.263684069181495,1,1
"344",0.952,0.95,0.946,0.912,0.944,0.974,0.978,0.904,0.966,0.938,0.968,0.746,0.944,0.672,0.926068955696034,2,1
"345",0.29,0.536,0.842,0.862,0.954,0.892,0.958,0.362,0.938,0.924,0.938,0.986,0.916,0.946,0.805227260993844,2,2
"346",0,0,0.006,0,0.002,0.012,0.026,0,0.006,0,0,0.006,0.008,0.138,0.00915784075184476,1,1
"347",0.002,0.004,0.036,0.018,0.002,0.004,0.002,0.002,0.002,0.078,0.02,0.02,0,0.106,0.017171765791135,1,1
"348",0,0.022,0.204,0.194,0.004,0.134,0.136,0.002,0.034,0.008,0.126,0.29,0.036,0.592,0.103131006271749,1,1
"349",0.302,0.072,0.012,0.738,0.428,0.452,0.1,0.518,0.604,0.03,0.434,0.034,0.032,0.63,0.298724720238705,1,1
"350",0.116,0,0.488,0.744,0.848,0.928,0.856,0.824,0.218,0.864,0.51,0.826,0.12,0.774,0.573316357565985,2,1
"351",0.142,0.28,0.062,0.186,0.202,0.142,0.24,0.288,0.004,0.132,0.008,0.082,0.046,0.334,0.145035695357061,1,1
"352",0.016,0.05,0.022,0.204,0.18,0.028,0.02,0.05,0.036,0.028,0.02,0.086,0.004,0.034,0.0543842160716493,1,1
"353",0.306,0.134,0.536,0.248,0.288,0.028,0.008,0.608,0.146,0.238,0.2,0.012,0.462,0.494,0.253419269482453,1,1
"354",0.69,0.046,0.962,0.698,0.466,0.1,0.774,0.93,0.318,0.934,0.038,0.542,0.638,0.286,0.541126417580723,2,1
"355",0.046,0.018,0.064,0.052,0.014,0.08,0.036,0.032,0.08,0.002,0.082,0.142,0.096,0.048,0.0566965019669739,1,1
"356",0.002,0.248,0.086,0.134,0.634,0.488,0.002,0.412,0.432,0.676,0.426,0.308,0.674,0.78,0.36725939774383,1,2
"357",0.93,0.934,0.932,0.906,0.968,0.956,0.938,0.954,0.978,0.988,0.976,0.882,0.908,0.634,0.934298358279414,2,2
"358",0.032,0.728,0.904,0.254,0.026,0.118,0.268,0.32,0.014,0.09,0.352,0.088,0.102,0.652,0.256162268386459,1,1
"359",0.04,0.05,0.114,0.044,0.022,0.08,0.042,0.37,0.58,0.044,0.096,0.066,0.028,0.052,0.122376854281001,1,1
"360",0.004,0.036,0.298,0,0.024,0.068,0.116,0.04,0.026,0.002,0.338,0,0.018,0.104,0.0749225533156865,1,1
"361",0.916,0.846,0.876,0.68,0.696,0.778,0.67,0.616,0.436,0.764,0.388,0.43,0.84,0.734,0.685533298776855,2,2
"362",0.12,0.276,0.216,0.196,0.852,0.194,0.214,0.124,0.802,0.138,0.262,0.082,0.122,0.054,0.270812940916881,1,1
"363",0,0.014,0,0.012,0.426,0.528,0.002,0.222,0.362,0.02,0.37,0.034,0.006,0.028,0.153275257193828,1,1
"364",0.63,0.672,0.762,0.778,0.66,0.752,0.698,0.75,0.712,0.754,0.428,0.024,0.058,0.222,0.578070865526249,2,2
"365",0.166,0.26,0.05,0.22,0.21,0.332,0.294,0.536,0.54,0.234,0.392,0.358,0.112,0.488,0.295590758835761,1,1
"366",0.396,0.252,0.658,0.272,0.608,0.73,0.078,0.712,0.702,0.018,0.746,0.47,0.014,0.526,0.43468923925708,1,1
"367",0.062,0.054,0.402,0.154,0.09,0.644,0.21,0.648,0.676,0.88,0.846,0.108,0.388,0.458,0.410009269437618,1,2
"368",0.004,0.088,0.002,0.014,0.008,0.006,0.288,0,0.072,0.004,0.044,0,0.022,0.052,0.0448509570619697,1,1
"369",0.988,0.048,0.328,0.994,0.956,0.998,0.882,0.954,1,0.994,1,0.99,0.948,0.774,0.860045867991928,2,2
"370",0.09,0.18,0.098,0.018,0.014,0.164,0.03,0.226,0.094,0.02,0.146,0.058,0.008,0.144,0.0899867330409155,1,1
"371",0.162,0.524,0.162,0.228,0.288,0.056,0.496,0.18,0.112,0.046,0.02,0.09,0.038,0.732,0.199152895556757,1,1
"372",0.068,0.072,0.644,0.252,0.544,0.218,0.064,0.644,0.106,0.018,0.644,0.226,0.006,0.342,0.267892763656805,1,1
"373",0.172,0.158,0.392,0.098,0.322,0.298,0.29,0.016,0.07,0.012,0.31,0.214,0.062,0.712,0.198247137717147,1,1
"374",0.138,0.398,0.322,0.568,0.256,0.024,0.074,0.096,0.002,0.002,0.222,0.416,0.09,0.504,0.199381036246066,1,1
"375",0.006,0.064,0.084,0.03,0.054,0.04,0,0.396,0,0.06,0.13,0.206,0.016,0.086,0.0842008249108409,1,1
"376",0.018,0.042,0.062,0.036,0.658,0.728,0.152,0.638,0.662,0.24,0.636,0.378,0.214,0.418,0.353862002810263,1,1
"377",0.014,0.004,0.01,0.506,0.012,0.056,0.116,0.006,0,0.008,0.068,0.002,0.03,0.402,0.0706343005109945,1,1
"378",0.944,0.872,0.884,0.864,0.95,0.974,0.986,0.988,0.996,0.992,0.996,1,0.996,0.79,0.955021360693341,2,2
"379",0,0.048,0.098,0.048,0.474,0.484,0.002,0.21,0.364,0.086,0.386,0.4,0.002,0.026,0.19568943441954,1,1
"380",0.962,0.99,0.996,0.964,0.9,0.954,0.938,0.982,0.99,0.99,0.992,0.934,0.974,0.568,0.954979398018895,2,2
"381",0.004,0.11,0.236,0.444,0.022,0.592,0.05,0.174,0.094,0.586,0.016,0.092,0.522,0.532,0.235568234044279,1,1
"382",0.076,0.086,0.72,0.118,0.308,0.142,0.044,0.616,0.772,0.768,0.868,0.078,0.044,0.25,0.358220761479785,1,1
"383",0.004,0.002,0.146,0.042,0.002,0.158,0.02,0.324,0.004,0.05,0.332,0.024,0.012,0.042,0.0864490565021878,1,1
"384",0.756,0.298,0.324,0.162,0.736,0.104,0.82,0.49,0.95,0.006,0.876,0.84,0.552,0.686,0.543011253843054,2,1
"385",0.15,0.004,0.042,0.026,0.012,0.004,0.012,0.002,0.004,0.004,0.096,0.068,0.002,0.026,0.0319301465976593,1,1
"386",0,0.012,0.068,0.032,0.034,0.052,0.002,0.258,0.1,0,0.014,0.012,0.006,0.33,0.0545019994666962,1,1
"387",0.09,0.12,0.25,0.24,0.404,0.4,0.07,0.456,0.576,0.254,0.382,0.034,0.03,0.224,0.25556061162017,1,1
"388",0.248,0.264,0.124,0.308,0.76,0.806,0.154,0.846,0.86,0.082,0.748,0.284,0.002,0.254,0.421730048422706,1,1
"389",0.928,0.82,0.784,0.926,0.52,0.502,0.878,0.646,0.744,0.888,0.558,0.85,0.93,0.64,0.762046298285798,2,2
"390",0.394,0.034,0.092,0.694,0.298,0.206,0.002,0.144,0.28,0.054,0.364,0.258,0.004,0.33,0.214900327305856,1,1
"391",0.088,0.46,0.314,0.252,0.094,0.552,0.012,0.092,0.082,0.056,0.076,0.584,0.582,0.336,0.246450580035846,1,1
"392",0.03,0.074,0.144,0.19,0.196,0.462,0.074,0.02,0.038,0.008,0.522,0.038,0.114,0.346,0.152446694684936,1,1
"393",0.02,0.028,0.05,0.184,0.18,0.54,0.02,0.236,0.044,0.056,0.004,0.078,0.218,0.216,0.130481961490631,1,1
"394",0.088,0.432,0.004,0.03,0.034,0.008,0.004,0.118,0.008,0.07,0.192,0.02,0.014,0.156,0.0800221149337885,1,1
"395",0.934,0.974,0.818,0.9,0.934,0.924,0.946,0.878,0.938,0.916,0.898,0.83,0.978,0.512,0.902609370976865,2,2
"396",0.378,0.008,0.002,0.58,0.002,0.086,0.09,0.27,0.014,0.34,0.038,0.086,0.038,0.224,0.148968768226202,1,1
"397",0.166,0.044,0.01,0.02,0.118,0.11,0.008,0.124,0.208,0,0.374,0.016,0.1,0.328,0.109071454166205,1,1
"398",0,0,0.014,0.006,0.004,0.02,0.006,0.01,0.004,0,0.128,0,0.058,0.046,0.0207057916616258,1,1
"399",0.444,0.794,0.588,0.384,0.864,0.746,0.92,0.776,0.55,0.664,0.888,0.84,0.828,0.912,0.725606978533673,2,2
"400",0,0.002,0.038,0.05,0.02,0.026,0.018,0.136,0.138,0,0.348,0,0.038,0.32,0.0722097489279954,1,1
"401",0.026,0.256,0.126,0.69,0.568,0.454,0.12,0.554,0.662,0.444,0.624,0.274,0.196,0.456,0.387636828326882,1,1
"402",0,0.016,0.152,0.01,0.462,0.436,0.002,0.198,0.314,0.052,0.33,0.014,0,0,0.149847656079592,1,1
"403",0,0.066,0.178,0.02,0.466,0.56,0.454,0.47,0.146,0.196,0.358,0.204,0.138,0.476,0.262920913613734,1,1
"404",0.956,0.122,0.626,0.95,0.912,0.922,0.788,0.84,0.904,0.944,0.914,0.956,0.924,0.92,0.835264388130409,2,2
"405",0.106,0.77,0.808,0.028,0.25,0.328,0.09,0.574,0.32,0.182,0.23,0.134,0.06,0.144,0.288063012291671,1,1
"406",0.894,0.902,0.5,0.946,0.84,0.858,0.916,0.914,0.958,0.86,0.892,0.874,0.892,0.454,0.856834842302882,2,2
"407",0.924,0.782,0.858,0.632,0.888,0.914,0.99,0.91,0.928,0.944,0.926,0.95,0.808,0.644,0.877973992277938,2,2
"408",0.06,0.02,0.016,0.126,0.02,0.826,0.036,0.312,0,0.726,0.002,0.084,0.432,0.874,0.230556703929983,1,1
"409",0.976,0.946,0.986,0.984,0.744,0.664,0.954,0.478,0.57,0.318,0.46,0.65,0.044,0.432,0.655307864003362,2,1
"410",0,0.19,0.002,0.034,0.438,0.524,0,0.214,0.336,0.002,0.412,0.066,0.006,0.006,0.168325701833635,1,1
"411",0.218,0.058,0.046,0.132,0.37,0.416,0.016,0.212,0.49,0.29,0.274,0.158,0.134,0.69,0.233437474880317,1,1
"412",0.294,0.352,0.34,0.696,0.108,0.278,0.096,0.038,0.032,0.034,0.962,0.304,0.714,0.746,0.334478413375714,1,1
"413",0.016,0.048,0.078,0.088,0.218,0.096,0.014,0.026,0.006,0.006,0.224,0.134,0.06,0.174,0.0795719916414807,1,1
"414",0.012,0.006,0.34,0.122,0.022,0.008,0.002,0.006,0.162,0.102,0.166,0.026,0.046,0.07,0.0756487200875676,1,1
"415",0.024,0.018,0.034,0.044,0.124,0.156,0.072,0.008,0.098,0.028,0.366,0.038,0.164,0.248,0.0970941957314223,1,1
"416",0.03,0.21,0.44,0.702,0.408,0.534,0.772,0.64,0.696,0.828,0.502,0.838,0.662,0.138,0.551722294012667,2,2
"417",0,0.01,0,0,0.392,0.566,0.002,0.188,0.26,0.004,0.376,0.004,0,0.082,0.140050136342359,1,1
"418",0,0.082,0,0,0.41,0.552,0.002,0.198,0.348,0.006,0.412,0,0.058,0.012,0.158298711196055,1,1
"419",0.978,0.9,0.962,0.892,0.588,0.548,0.732,0.582,0.648,0.912,0.704,0.204,0.31,0.452,0.677412901255911,2,2
"420",0.034,0.22,0.206,0.184,0.696,0.454,0.39,0.502,0.662,0.612,0.668,0.414,0.012,0.25,0.390964052755703,1,1
"421",0.1,0.238,0.658,0.578,0.5,0.45,0.01,0.518,0.494,0.008,0.522,0.236,0.048,0.61,0.336008028705685,1,1
"422",0.004,0.024,0.044,0.018,0.012,0.134,0.002,0.002,0.066,0.012,0.064,0.016,0.076,0.048,0.037044495890007,1,1
"423",0.1,0.08,0.22,0.18,0.176,0.494,0.06,0.104,0.16,0.07,0.398,0.042,0.036,0.798,0.180956678043503,1,1
"424",0.94,0.126,0.736,0.024,0.34,0.438,0.334,0.606,0.656,0.94,0.41,0.664,0.858,0.786,0.557371594980772,2,1
"425",0.498,0.718,0.612,0.55,0.064,0.274,0.932,0.032,0.106,0.696,0.776,0.846,0.936,0.854,0.550560625955844,2,2
"426",0.292,0.1,0.178,0.39,0.224,0.57,0.014,0.092,0.034,0.01,0.06,0.01,0.05,0.124,0.149908455256898,1,1
"427",0.152,0.28,0.14,0.048,0.028,0.312,0.748,0.706,0.134,0.126,0.256,0.002,0.3,0.38,0.262032425762867,1,1
"428",0.258,0.666,0.172,0.334,0.316,0.234,0.11,0.024,0.452,0.048,0.632,0.192,0.03,0.064,0.256859382334527,1,1
"429",0.972,0.872,0.962,0.94,0.698,0.594,0.866,0.486,0.242,0.952,0.314,0.884,0.842,0.344,0.720728860155581,2,2
"430",0.002,0.068,0.144,0.044,0.04,0.016,0.002,0.038,0.002,0.088,0,0.01,0,0.036,0.0333704816520393,1,1
"431",0.242,0.988,0.988,0.958,0.088,0.294,0.998,0.994,1,1,0.986,0.992,0.996,0.488,0.802570346297473,2,2
"432",0.934,0.956,0.964,0.916,0.946,0.946,0.96,0.932,0.952,0.938,0.918,0.726,0.838,0.586,0.90800907374069,2,2
"433",0.222,0.254,0.954,0.908,0.01,0.972,0.84,0.858,0.76,0.94,0.736,0.356,0.12,0.53,0.609522116483036,2,1
"434",0.01,0.012,0.154,0.084,0.146,0.028,0.212,0.068,0.016,0.082,0.478,0.014,0.028,0.372,0.112075922383506,1,1
"435",0.116,0.012,0.2,0.524,0.638,0.628,0.102,0.058,0.04,0.072,0.088,0.314,0.252,0.234,0.228468364684799,1,1
"436",0.162,0.312,0.222,0.464,0.626,0.602,0.094,0.542,0.682,0.256,0.694,0.574,0.078,0.778,0.418528078276377,1,1
"437",0.026,0.44,0.348,0.4,0.132,0.08,0.01,0.122,0.2,0.454,0.108,0.164,0.44,0.052,0.216076494203389,1,1
"438",0.056,0.122,0.044,0.35,0.172,0.38,0.154,0.96,0.392,0.054,0.414,0.288,0.128,0.17,0.272040779866028,1,1
"439",0.008,0.046,0.146,0.03,0.01,0.002,0.05,0.004,0,0,0.006,0.054,0.008,0.058,0.027162771120288,1,1
"440",0.914,0.69,0.804,0.924,0.392,0.364,0.91,0.446,0.726,0.918,0.488,0.882,0.86,0.928,0.720670125060936,2,2
"441",0.816,0.08,0.232,0.004,0.196,0.176,0.018,0.148,0.23,0.002,0.366,0.256,0.006,0.52,0.202429544416937,1,1
"442",0,0.054,0.002,0,0.428,0.496,0.034,0.218,0.276,0,0.466,0.004,0,0.062,0.15302928799456,1,1
"443",0.062,0.068,0.776,0.438,0.23,0.706,0.368,0.196,0.282,0.298,0.214,0.076,0.62,0.642,0.340439477071832,1,1
"444",0.946,0.822,0.892,0.924,0.972,0.966,0.968,0.956,0.976,0.932,0.968,0.95,0.948,0.756,0.936235140485085,2,2
"445",0.252,0.134,0.292,0.348,0.038,0.014,0.178,0.026,0.018,0.036,0.594,0.014,0.062,0.292,0.155549946015854,1,1
"446",0.07,0.082,0.422,0.414,0.56,0.538,0.022,0.628,0.344,0.148,0.154,0.37,0.068,0.394,0.292780912780878,1,1
"447",0.076,0.104,0.054,0.294,0.066,0.036,0.112,0.03,0.062,0.14,0.486,0.206,0.294,0.366,0.157551933341042,1,1
"448",0.916,0.304,0.632,0.38,0.108,0.948,0.942,0.118,0.336,0.006,0.146,0.868,0.262,0.732,0.462385812767645,1,2
"449",0.926,0.93,0.854,0.97,0.376,0.462,0.9,0.664,0.684,0.97,0.432,0.926,0.946,0.368,0.757300385832446,2,2
"450",0.26,0.092,0.054,0.536,0.422,0.512,0.746,0.544,0.654,0.8,0.464,0.032,0.73,0.792,0.473265250379246,1,1
"451",0.006,0.074,0.2,0.238,0.334,0.472,0.026,0.18,0.166,0.166,0.08,0.08,0.068,0.216,0.160590791671182,1,1
"452",0.934,0.902,0.862,0.972,0.928,0.984,0.994,0.986,0.99,0.96,0.96,0.9,0.878,0.252,0.923624994670342,2,2
"453",0.304,0.024,0.106,0.194,0.06,0.188,0,0,0.034,0.002,0.388,0.48,0.268,0.494,0.16509756837311,1,1
"454",0.066,0.018,0.05,0.514,0.154,0.294,0.024,0.022,0.022,0.268,0.25,0.018,0.024,0.308,0.13514570817222,1,1
"455",0.324,0.714,0.906,0.806,0.976,0.88,0.816,0.65,0.816,0.956,0.452,0.28,0.818,0.164,0.706968879602953,2,2
"456",0.926,0.932,0.704,0.766,0.848,0.902,0.932,0.992,0.958,0.992,0.936,0.786,0.726,0.706,0.876075680724831,2,2
"457",0.75,0.146,0.06,0.236,0.274,0.078,0.06,0.318,0.138,0.038,0,0.17,0.164,0.428,0.192333828311012,1,1
"458",0.73,0.992,0.988,0.98,0.988,0.992,0.942,0.984,0.99,0.992,0.994,0.886,0.988,0.744,0.951596331601282,2,2
"459",0.056,0.686,0.084,0.636,0.34,0.38,0.044,0.234,0.328,0.072,0.342,0.048,0.138,0.264,0.255412285481004,1,1
"460",0.342,0.05,0.006,0.13,0,0.014,0.004,0.092,0.056,0.088,0.034,0.016,0.002,0.102,0.0646307919005252,1,1
"461",0.958,0.806,0.346,0.926,0.176,0.828,0.794,0.962,0.926,0.878,0.59,0.876,0.956,0.892,0.780007493865733,2,2
"462",0.062,0.006,0.012,0.016,0.09,0.134,0,0.13,0.122,0.028,0.526,0.028,0.022,0.208,0.0967457874470655,1,1
"463",0.114,0.212,0.108,0.624,0.182,0.332,0.748,0.508,0.612,0.468,0.384,0.624,0.29,0.27,0.401871981601789,1,1
"464",0.006,0.024,0.448,0.006,0.034,0.012,0.042,0.098,0.094,0,0.018,0.186,0.138,0.108,0.0822939652036507,1,1
"465",0.102,0.022,0.006,0.064,0,0.014,0.036,0,0.012,0.044,0.004,0.062,0.002,0.794,0.0502498089581848,1,1
"466",0.134,0.034,0.144,0.792,0.388,0.936,0.048,0.324,0.886,0.032,0.148,0.074,0.796,0.14,0.358694894648508,1,2
"467",0.068,0.322,0.454,0.072,0.066,0.568,0.006,0.976,0.064,0.114,0.318,0.006,0.05,0.358,0.241671362941627,1,1
"468",0.628,0.008,0.014,0.738,0.722,0.062,0.016,0.048,0.098,0.008,0.066,0.594,0.086,0.404,0.232700815112694,1,1
"469",0.164,0.138,0.006,0.04,0.012,0.014,0.048,0.05,0.18,0.092,0.074,0.002,0.008,0.342,0.0726487190451498,1,1
"470",0.914,0.95,0.986,0.87,0.944,0.984,0.71,0.972,0.942,0.978,0.852,0.994,0.606,0.48,0.884487813985069,2,2
"471",0.9,0.89,0.892,0.302,0.934,0.858,0.932,0.294,0.902,0.974,0.978,0.918,0.894,0.356,0.809954451862052,2,2
"472",0.05,0.784,0.01,0.592,0.394,0.428,0.86,0.506,0.504,0.434,0.486,0.57,0.012,0.602,0.440982668724722,1,1
"473",0.126,0.008,0.032,0.02,0.006,0,0.01,0.02,0.004,0.062,0.044,0.208,0.022,0.576,0.0580936795597452,1,1
"474",0.756,0.98,0.766,0.724,0.854,0.924,0.948,0.938,0.878,0.958,0.99,0.968,0.984,0.608,0.892992183247151,2,2
"475",0.14,0.968,0.99,0.92,0.928,0.922,0.932,0.868,0.966,0.982,0.998,0.272,0.7,0.72,0.813781108702838,2,1
"476",0.966,0.95,0.974,0.992,0.874,0.724,0.926,0.552,0.666,0.966,0.644,0.944,0.97,0.142,0.831541309101985,2,2
"477",0.886,0.77,0.486,0.2,0.884,0.896,0.938,0.748,0.968,0.89,0.908,0.068,0.278,0.54,0.69301077819878,2,2
"478",0.01,0.044,0.094,0.294,0.14,0.304,0.002,0.484,0.244,0.006,0.438,0.066,0.764,0.226,0.227202117288896,1,1
"479",0.026,0.33,0.1,0.018,0.648,0.53,0.012,0.334,0.308,0.05,0.516,0.02,0.022,0.206,0.225319429200269,1,1
"480",0.04,0.204,0.254,0.146,0.158,0.23,0.026,0.246,0.006,0.004,0.092,0.046,0.382,0.294,0.144136131761585,1,1
"481",0.024,0.664,0.022,0.676,0.116,0.136,0.692,0.524,0.246,0.184,0.052,0.652,0.012,0.14,0.300391067049519,1,1
"482",0.084,0.238,0.66,0.272,0.592,0.568,0.204,0.628,0.682,0.096,0.596,0.052,0.024,0.24,0.356970266045109,1,1
"483",0.298,0.59,0.812,0.328,0.604,0.656,0.426,0.182,0.47,0.096,0.244,0.244,0.494,0.566,0.417086832901796,1,1
"484",0.972,0.954,0.918,1,0.942,0.994,0.974,0.97,0.968,0.978,1,0.978,0.992,0.692,0.964700971666755,2,2
"485",0.112,0.356,0.838,0.3,0.442,0.356,0.004,0.436,0.68,0.006,0.458,0.168,0.232,0.412,0.333615394895901,1,1
"486",0.94,0.828,0.84,0.932,0.91,0.944,0.252,0.668,0.85,0.564,0.762,0.92,0.092,0.296,0.706442050377391,2,2
"487",0.002,0.004,0.048,0.154,0.12,0.018,0.038,0.082,0.026,0.252,0.32,0.076,0.014,0.13,0.0909169757000123,1,1
"488",0.082,0.248,0.448,0.13,0.282,0.024,0.07,0.252,0.134,0.004,0.194,0.04,0.43,0.246,0.179474506510535,1,1
"489",0.32,0.942,0.992,0.972,0.852,0.858,0.926,0.626,0.768,0.828,0.604,0.954,0.994,0.198,0.795955040796015,2,2
"490",0.808,0.822,0.252,0.276,0.274,0.086,0.224,0.882,0.328,0.83,0.734,0.268,0.152,0.368,0.457627379136587,1,1
"491",0,0,0.002,0,0.032,0,0.014,0,0.024,0.002,0.084,0.024,0.012,0.006,0.0150663943235414,1,1
"492",0.074,0.196,0.164,0.516,0.422,0.408,0.034,0.542,0.584,0.014,0.414,0.038,0.014,0.52,0.269844031159444,1,1
"493",0,0.102,0.002,0.004,0.022,0.12,0.01,0.002,0.054,0.03,0.208,0.01,0.116,0.03,0.052882602667938,1,1
"494",0.114,0.146,0.182,0.072,0.152,0.172,0.15,0.094,0.144,0.024,0.238,0.18,0.034,0.09,0.128892339056191,1,1
"495",0.392,0.272,0.228,0.108,0.308,0.378,0.002,0.292,0.132,0.008,0.448,0.212,0.01,0.79,0.229192245576656,1,1
"496",0.868,0.31,0.928,0.948,0.954,0.982,0.994,0.994,0.988,0.972,0.992,0.836,0.916,0.76,0.899315217893908,2,2
"497",0.11,0.442,0.938,0.572,0.934,0.99,0.99,0.988,0.966,0.988,0.98,0.954,0.994,0.74,0.83963677663365,2,2
"498",0.048,0.004,0.004,0.004,0,0.008,0.002,0.038,0.034,0.016,0.076,0,0,0.294,0.0266724338417478,1,1
"499",0.03,0.018,0.044,0.182,0.012,0,0.01,0.004,0.084,0.016,0.458,0.004,0.036,0.194,0.0729322087034262,1,1
"500",0.794,0.886,0.82,0.916,0.792,0.94,0.774,0.858,0.828,0.81,0.89,0.712,0.774,0.334,0.815043598657424,2,2
"501",0.1,0.072,0.194,0.08,0.188,0.106,0.01,0.06,0.004,0.062,0.118,0.052,0.142,0.08,0.0893303145284866,1,1
"502",0.012,0.076,0.652,0.082,0.536,0.524,0.182,0.562,0.708,0.076,0.568,0.03,0.712,0.614,0.375266679697479,1,1
"503",0.136,0.04,0.312,0.118,0.306,0.112,0.04,0.656,0.332,0.482,0.662,0.022,0.15,0.37,0.267914747367209,1,1
"504",0.026,0.13,0.014,0.002,0.002,0.004,0.012,0.008,0,0.014,0.022,0.03,0.006,0.026,0.0202824926762269,1,1
"505",0.122,0.54,0.196,0.386,0.336,0.304,0.07,0.286,0.318,0.002,0.338,0.018,0.1,0.23,0.228366354106936,1,1
"506",0.04,0.124,0.378,0.006,0.02,0.074,0.024,0.016,0.012,0.076,0.222,0.142,0.014,0.438,0.0951831156230598,1,1
"507",0.986,0.914,0.902,0.998,0.976,0.994,0.982,0.994,0.998,0.996,0.994,0.99,0.992,0.498,0.965287838373406,2,2
"508",0.018,0.51,0.568,0.104,0.674,0.862,0.078,0.826,0.278,0.066,0.51,0.006,0.078,0.334,0.350612003768407,1,1
"509",0.738,0.058,0.626,0.772,0.112,0.676,0.694,0.622,0.554,0.7,0.784,0.694,0.006,0.264,0.533255949740322,2,2
"510",0.014,0.026,0.024,0,0.154,0.202,0.12,0.052,0.184,0.056,0.338,0.05,0.014,0.166,0.0997886981787601,1,1
"511",0.018,0.02,0.008,0.004,0,0.002,0.008,0.004,0.032,0,0,0.024,0,0.228,0.0155323374907588,1,1
"512",0.29,0.69,0.7,0.53,0.184,0.258,0.188,0.26,0.178,0.572,0.178,0.022,0.57,0.492,0.353524752560652,1,1
"513",0.044,0.108,0.078,0.782,0.608,0.59,0.894,0.64,0.724,0.584,0.49,0.192,0.196,0.476,0.465419472465752,1,1
"514",0.892,0.992,0.942,0.99,0.942,0.992,0.994,0.968,0.986,0.964,0.992,0.988,0.986,0.184,0.948681968028351,2,2
"515",0,0.042,0.49,0,0.01,0,0.108,0.01,0.028,0.012,0.486,0.004,0.002,0.032,0.0877610412156025,1,1
"516",0.17,0.026,0.054,0.02,0.568,0.384,0.068,0.332,0.336,0.348,0.39,0.066,0.034,0.09,0.216251756190032,1,1
"517",0.582,0.744,0.712,0.294,0.114,0.814,0.126,0.108,0.274,0.8,0.28,0.572,0.134,0.4,0.418667385136125,1,1
"518",0.67,0.72,0.274,0.84,0.124,0.868,0.292,0.306,0.118,0.13,0.884,0.236,0.278,0.284,0.43132924439784,1,1
"519",0.26,0.078,0.422,0.602,0.178,0.076,0.008,0.024,0.23,0.264,0.066,0.518,0.038,0.354,0.206995694539123,1,1
"520",0.762,0.744,0.91,0.824,0.846,0.788,0.708,0.804,0.492,0.252,0.462,0.212,0.892,0.844,0.670082790012093,2,2
"521",0.962,0.972,0.93,0.962,0.964,0.976,0.988,0.98,0.956,0.994,0.968,0.956,0.98,0.8,0.964184961069283,2,2
"522",0.154,0.116,0.028,0.148,0.016,0.128,0.092,0.246,0.028,0.166,0.154,0.536,0.428,0.184,0.173659168714176,1,1
"523",0.018,0.036,0.048,0.168,0.004,0.008,0.006,0.138,0.018,0.008,0.058,0.078,0.2,0.474,0.0723286179912257,1,1
"524",0.976,0.97,0.92,0.96,0.93,0.964,0.988,0.882,0.982,0.962,0.988,0.938,0.986,0.186,0.935315922914559,2,2
"525",0.16,0.008,0.058,0.246,0.318,0.322,0.396,0.064,0.364,0.008,0.012,0.126,0.73,0.532,0.23003568496769,1,1
"526",0.2,0.1,0.278,0.094,0.044,0.928,0,0.126,0.142,0.812,0.834,0.03,0.302,0.73,0.317816035254467,1,1
"527",0.744,0.114,0.852,0.828,0.478,0.39,0.936,0.668,0.702,0.932,0.56,0.922,0.932,0.282,0.687340876452991,2,1
"528",0.004,0.022,0.108,0.004,0.022,0,0.004,0.018,0.024,0,0.214,0.016,0.072,0.052,0.0395153405003098,1,1
"529",0.37,0.108,0.342,0.354,0.394,0.392,0.38,0.376,0.974,0.016,0.138,0.988,0.38,0.796,0.411574139792316,1,1
"530",0.006,0.05,0.002,0.026,0.364,0.576,0,0.178,0.324,0.01,0.404,0.002,0.15,0.006,0.160121217573381,1,1
"531",0.346,0.882,0.322,0.742,0.04,0.022,0.998,0.536,0.99,0.992,0.958,0.998,0.986,0.48,0.680583183454588,2,2
"532",0.128,0.292,0.19,0.94,0.872,0.106,0.022,0.016,0.442,0.83,0.092,0.166,0.084,0.642,0.323808141687102,1,1
"533",0.018,0.038,0.394,0.06,0.01,0.008,0.004,0.012,0.01,0.084,0.23,0.002,0.008,0.308,0.0714347100287767,1,1
"534",0.14,0.12,0.528,0.256,0.032,0.058,0.07,0.08,0.232,0.056,0.04,0.08,0.07,0.318,0.134966551701726,1,1
"535",0.932,0.12,0.006,0.746,0.874,0.736,0.948,0.518,0.662,0.946,0.86,0.966,0.966,0.35,0.714527117459162,2,2
"536",0.02,0.128,0.062,0.616,0.036,0.206,0.002,0.236,0.42,0.106,0.666,0.098,0.506,0.268,0.240771521468687,1,1
"537",0.248,0.282,0.298,0.704,0.696,0.502,0.024,0.634,0.634,0.05,0.7,0.144,0.036,0.5,0.381130698185866,1,1
"538",0.804,0.882,0.956,0.102,0.432,0.522,0.062,0.478,0.522,0.252,0.568,0.004,0.108,0.544,0.433892991242292,1,1
"539",0.44,0.364,0.356,0.528,0.424,0.372,0.346,0.31,0.51,0.06,0.75,0.172,0.082,0.34,0.359944529876301,1,1
"540",0.118,0.302,0.164,0.046,0.574,0.464,0.004,0.61,0.284,0.024,0.148,0.37,0.024,0.232,0.239926146858941,1,1
"541",0.936,0.896,0.84,0.92,0.96,0.9,0.972,0.908,0.986,0.992,0.946,0.992,0.986,0.214,0.921560073494894,2,2
"542",0.106,0.116,0.446,0.016,0.052,0.094,0.004,0.166,0.05,0.014,0.05,0.068,0.01,0.05,0.0863572412995222,1,1
"543",0.702,0.16,0.742,0.028,0.48,0.408,0.03,0.484,0.492,0.54,0.508,0.038,0.192,0.202,0.364922970958309,1,1
"544",0,0.08,0.026,0.074,0.204,0.03,0.042,0,0.004,0.032,0.182,0.032,0.134,0.028,0.0635770596796788,1,1
"545",0.162,0.032,0.314,0.614,0.898,0.916,0.844,0.21,0.07,0.918,0.958,0.086,0.83,0.52,0.536383548616559,2,1
"546",0.248,0.194,0.028,0.116,0.586,0.702,0.138,0.124,0.044,0.792,0.266,0.06,0.122,0.426,0.2718186298732,1,1
"547",0.084,0.014,0.038,0.236,0.182,0.066,0.002,0.104,0.076,0.008,0.008,0.112,0.002,0.58,0.0841857529255338,1,1
"548",0,0.032,0.08,0,0.124,0.148,0.016,0.06,0.062,0.036,0.018,0.016,0.038,0.044,0.0483145171826994,1,1
"549",0.282,0.496,0.8,0.038,0.464,0.578,0.25,0.162,0.138,0.428,0.262,-1,0.11,0.514,0.309850787360104,1,1
"550",0.002,0.018,0,0,0.37,0.502,0,0.196,0.244,0.002,0.41,0.004,0,0.156,0.138225839728844,1,1
"551",0.838,0.042,0.654,0.206,0.33,0.024,0.682,0.906,0.94,0.734,0.942,0.214,0.136,0.682,0.526741798908077,2,1
"552",0.962,0.758,0.966,0.982,0.778,0.73,0.954,0.762,0.7,0.984,0.648,0.87,0.954,0.856,0.848109443619922,2,2
"553",0.946,0.312,0.034,0.922,0.766,0.588,0.928,0.52,0.576,0.99,0.33,0.778,0.146,0.22,0.594763265102075,2,2
"554",0.146,0.048,0.706,0.86,0.896,0.898,0.974,0.806,0.914,0.934,0.736,0.962,0.978,0.144,0.74739814285017,2,2
"555",0.73,0.992,0.988,0.98,0.988,0.992,0.942,0.984,0.99,0.992,0.994,0.886,0.988,0.744,0.951596331601282,2,2
"556",0,0.016,0.008,0.22,0.214,0.026,0.016,0.242,0.024,0.01,0.04,0.056,0.14,0.172,0.0802598318046108,1,1
"557",0.05,0.004,0.096,0.016,0,0.018,0.004,0.028,0.008,0.006,0.024,0.094,0.006,0.456,0.0386449552041919,1,1
"558",0.738,0.818,0.826,0.966,0.908,0.884,0.904,0.922,0.892,0.916,0.916,0.76,0.986,0.88,0.881659397883389,2,2
"559",0.334,0.53,0.964,0.342,0.646,0.736,0.172,0.424,0.572,0,0.71,0.54,0.898,0.07,0.509240726418741,2,1
"560",0.612,0.7,0.03,0.722,0.624,0.754,0,0.478,0.524,0.088,0.654,-1,0.056,0.472,0.401508745008402,1,1
"561",0.254,0.8,0.534,0.124,0.786,0.58,0.108,0.412,0.568,0.876,0.468,0.686,0.752,0.188,0.524747300508842,2,1
"562",0.97,0.988,0.976,0.966,0.978,0.972,0.954,0.964,0.976,0.944,0.952,0.99,0.944,0.254,0.945622397423345,2,1
"563",0.04,0.566,0.35,0.168,0.15,0.108,0.302,0.328,0.26,0.886,0.048,0.09,0.074,0.422,0.265538301426484,1,1
"564",0.878,0.856,0.858,0.78,0.894,0.952,0.91,0.894,0.95,0.928,0.94,0.806,0.848,0.876,0.886348349865727,2,2
"565",0.068,0.118,0.04,0.09,0.026,0.054,0.018,0.022,0.052,0.228,0.126,0.134,0.036,0.24,0.0824045816107834,1,1
"566",0.626,0.066,0.062,0.446,0.406,0.014,0.07,0.064,0.198,0.054,0.586,0.176,0.242,0.376,0.233956577227293,1,1
"567",0.366,0.204,0.062,0.044,0.63,0.258,0.07,0.028,0.078,0.102,0.526,0.104,0.152,0.572,0.213101985440394,1,1
"568",0,0.002,0.01,0.054,0.054,0.074,0.188,0.018,0.036,0,0.096,0.032,0.016,0.02,0.0451898597473345,1,1
"569",0.564,0.064,0.026,0.684,0.046,0.272,0.178,0.084,0.028,0.026,0.728,0.202,0.89,0.466,0.297755842399055,1,1
"570",0,0.002,0.1,0.088,0.006,0.042,0.002,0.036,0,0,0.088,0.002,0.12,0.144,0.0398689708684184,1,1
"571",0.91,0.98,0.962,0.982,0.974,0.972,0.946,0.954,0.964,0.978,0.994,0.954,0.952,0.906,0.961363589411711,2,2
"572",0.2,0.042,0.812,0.344,0.462,0.266,0.882,0.186,0.266,0.076,0.33,-1,0.43,-1,0.320901209520804,1,1
"573",0.042,0,0.088,0.026,0,0.006,0.002,0.03,0.064,0.018,0.038,0.072,0.014,0.416,0.0413720942495953,1,1
"574",0.06,0.116,0.1,0.21,0.246,0.302,0.11,0.128,0.01,0.092,0.234,0.148,0.224,0.496,0.162011018295973,1,1
"575",0.004,0.016,0.018,0.044,0.006,0.146,0.034,0.082,0.002,0.002,0.108,0.028,0.002,0.062,0.0389915541251643,1,1
"576",0.994,0.98,0.914,0.978,0.976,0.996,0.972,0.898,0.98,0.966,0.992,0.934,0.952,0.018,0.936415625336067,2,2
"577",0.942,0.942,0.886,0.958,0.956,0.986,0.964,0.968,0.956,0.968,0.976,0.928,0.968,0.162,0.931633783751622,2,2
"578",0.002,0.19,0.052,0,0.368,0.542,0.012,0.194,0.256,0.008,0.396,0.006,0.008,0.004,0.153924097829698,1,1
"579",0.03,0.312,0.038,0.298,0.504,0.506,0.102,0.674,0.678,0.038,0.574,0.094,0.118,0.722,0.321669420473858,1,1
"580",0.19,0.192,0.116,0.27,0.754,0.08,0.076,0.6,0.67,0.468,0.71,0.472,0.02,0.608,0.36610543535936,1,1
"581",0.066,0.096,0.328,0.454,0.488,0.376,0.73,0.388,0.678,0.854,0.33,0.09,0.698,0.912,0.453218551356638,1,2
"582",0.288,0.048,0.028,0.03,0.17,0.038,0.04,0.08,0.064,0.018,0.44,0.018,0.144,0.29,0.115422837786642,1,1
"583",0.864,0.862,0.932,0.952,0.936,0.988,0.934,0.942,0.934,0.938,0.966,0.99,0.876,0.504,0.919277236871212,2,2
"584",0.106,0.034,0.702,0.842,0.898,0.902,0.796,0.46,0.076,0.808,0.95,0.84,0.79,0.822,0.637508368577626,2,2
"585",0.002,0.006,0.014,0.004,0,0,0.006,0.024,0.012,0.02,0.112,0.018,0,0.074,0.0189060952907607,1,1
"586",0.04,0.004,0.02,0.088,0.318,0.52,0.256,0.074,0.118,0.03,0.474,0.004,0.082,0.074,0.157398683782645,1,1
"587",0.652,0.828,0.722,0.602,0.426,0.426,0.808,0.508,0.52,0.838,0.344,0.914,0.962,0.946,0.665330894650676,2,2
"588",0.984,0.986,0.88,0.968,0.972,0.994,0.992,0.92,1,1,1,0.992,0.992,0.338,0.95776580553328,2,2
"589",0.056,0.106,0.298,0.196,0.044,0.006,0.032,0.14,0.02,0.124,0.16,0.036,0.038,0.366,0.101498712069615,1,1
"590",0.002,0.018,0.004,0,0.368,0.498,0.016,0.214,0.262,0.008,0.38,0.006,0,0.076,0.138118892234342,1,1
"591",0.966,0.862,0.766,0.876,0.974,0.98,0.996,0.966,0.988,0.966,1,0.974,0.956,0.912,0.946526014601935,2,2
"592",0.936,0.952,0.916,0.954,0.974,0.964,0.934,0.948,0.964,0.97,0.94,0.914,0.904,0.704,0.936986025017838,2,2
"593",0.034,0.018,0.028,0.032,0.084,0.012,0.262,0.112,0.124,0.096,0.054,0.27,0.014,0.358,0.0974313540095192,1,1
"594",0,0.04,0.018,0.002,0.49,0.488,0.028,0.24,0.278,0.038,0.396,0.06,0.044,0.04,0.162895814829685,1,1
"595",0.116,0.344,0.592,0.296,0.64,0.574,0.572,0.566,0.656,0.59,0.63,0.282,0.018,0.708,0.462480459306528,1,1
"596",0.032,0.004,0.064,0.254,0.036,0.048,0.002,0.002,0.006,0.01,0.012,0.16,0.154,0.16,0.0604847808001998,1,1
"597",0.032,0.002,0.014,0.166,0.074,0.002,0.006,0.01,0.008,0.028,0.14,0.106,0.004,0.156,0.0473634661437257,1,1
"598",0,0.032,0.198,0.008,0.492,0.484,0.006,0.218,0.254,0.006,0.324,0.068,0,0.04,0.157684317855505,1,1
"599",0.248,0.038,0.062,0.06,0.032,0.014,0.018,0.026,0.048,0.024,0.522,0.066,0.358,0.196,0.121257163825108,1,1
"600",0.038,0.242,0.04,0.034,0.026,0.284,0.01,0.128,0.344,0.146,0.052,0.016,0.032,0.356,0.115709496205545,1,1
"601",0.002,0.014,0.002,0.002,0.004,0.008,0.012,0.018,0.022,0.024,0.068,0.05,0.004,0.108,0.0206885195015939,1,1
"602",0.938,0.338,0.322,0.904,0.004,0.326,0.008,0.148,0.374,0.112,0.97,0.378,0.334,0.062,0.379550000996521,1,1
"603",0.898,0.924,0.844,0.946,0.852,0.984,0.624,0.616,0.514,0.872,0.924,0.784,0.95,0.03,0.79796603657463,2,2
"604",0.938,0.972,0.996,0.136,0.922,0.948,0.972,0.974,0.982,0.95,0.972,0.96,0.98,0.69,0.901319218284215,2,2
"605",0.104,0.198,0.528,0.22,0.57,0.518,0.124,0.61,0.648,0.082,0.538,0.042,0.224,0.738,0.35177796285486,1,1
"606",0,0.018,0.068,0.002,0.002,0.018,0.08,0.032,0.014,0.006,0.1,0,0.008,0.056,0.0281219621788076,1,1
"607",0.032,0.042,0.134,0.37,0.062,0.176,0.21,0.138,0.138,0.144,0.01,0.196,0,0.592,0.138648027819091,1,1
"608",0,0.058,0.228,0.09,0.64,0.516,0.014,0.294,0.322,0.018,0.612,0.002,0.004,0.078,0.21243283069268,1,1
"609",0.084,0.02,0,0.254,0.022,0.01,0.014,0.01,0.02,0.03,0.01,0.022,0.106,0.204,0.04928863349075,1,1
"610",0.174,0.124,0.046,0.08,0.01,0.376,0.174,0.04,0.136,0.012,0.008,0.128,0.08,0.17,0.108862769657388,1,1
"611",0.004,0.652,0.128,0.368,0.15,0.032,0.09,0.004,0.022,0.02,0.474,0.082,0.048,0.434,0.162169664927707,1,1
"612",0.014,0.104,0.904,0.722,0.31,0.114,0.092,0.73,0.03,0.814,0.936,0.506,0.102,0.534,0.411463782265079,1,1
"613",0.138,0.486,0.07,0.022,0.636,0.786,0.084,0.822,0.73,0.09,0.874,0.606,0.07,0.552,0.425770084172466,1,1
"614",0.96,0.846,0.85,0.818,0.816,0.902,0.982,0.938,0.99,0.968,0.974,0.942,0.972,0.092,0.899020798458343,2,2
"615",0.962,0.926,0.922,0.984,0.968,0.982,0.97,0.886,0.996,0.964,0.984,0.962,0.97,0.288,0.940260582716463,2,2
"616",0.05,0.018,0.016,0.232,0.074,0.06,0.026,0.008,0.028,0.042,0.024,0.014,0.02,0.074,0.0460904314435403,1,1
"617",0.11,0.02,0.008,0.092,0.05,0.016,0.002,0.014,0.042,0.048,0.05,0,0.014,0.088,0.0369175246848325,1,1
"618",0.004,0.028,0.116,0.07,0.112,0.012,0.032,0.014,0.022,0.022,0.12,0.4,0.07,0.202,0.0797827664236014,1,1
"619",0.64,0.172,0.09,0.828,0.738,0.462,0.198,0.05,0.248,0.126,0.376,0.342,0.148,0.572,0.339859059901353,1,1
"620",0.362,0.12,0.28,0.938,0.936,0.252,0.06,0.248,0.814,0.122,0.9,0.328,0.056,0.506,0.413506839777491,1,1
"621",0.048,0.038,0.036,0.736,0.358,0.422,0.104,0.484,0.414,0.024,0.464,0.01,0.03,0.484,0.250169184325945,1,1
"622",0,0.042,0.134,0.042,0.002,0.056,0.164,0.006,0.01,0.004,0.074,0.012,0.086,0.11,0.0505082277915781,1,1
"623",0.02,0.036,0.4,0.258,0.352,0.45,0.43,0.288,0.408,0.042,0.054,0.094,0.02,0.07,0.214692185451852,1,1
"624",0.836,0.924,0.844,0.874,0.946,0.896,0.542,0.916,0.968,0.97,0.92,0.684,0.948,0.03,0.842094473860702,2,2
"625",0.088,0.038,0.158,0.154,0.114,0.046,0.38,0.256,0.04,0.114,0.024,0.078,0.098,0.242,0.127393863237806,1,1
"626",0.956,0.098,0.328,0.366,0.998,0.976,0.976,0.97,0.926,0.98,0.986,0.368,0.304,0.776,0.727264691863306,2,1
"627",0.924,0.944,0.94,0.918,0.242,0.35,0.952,0.124,0.284,0.924,0.478,0.908,0.89,0.244,0.662353401093497,2,2
"628",0.28,0.07,0.272,0.086,0.228,0.956,0.994,0.118,0.926,0.988,0.952,0.864,0.118,0.938,0.55229315858707,2,2
"629",0.09,0.008,0.04,0.008,0.028,0.04,0.008,0.002,0.074,0.096,0.164,0.014,0.008,0.076,0.0463318810259091,1,1
"630",0.014,0.04,0.168,0.012,0.006,0,0.05,0.036,0.036,0.056,0.004,0.02,0.058,0.05,0.0380117596116489,1,1
"631",0.954,0.888,0.938,0.938,0.948,0.938,0.928,0.976,0.95,0.932,0.978,0.926,0.904,0.54,0.926992240926765,2,2
"632",0,0.002,0,0.002,0.464,0.388,0.016,0.222,0.214,0.164,0.364,0.056,0.006,0.016,0.145698200364734,1,1
"633",0.058,0.022,0.118,0.138,0.034,0.026,0.046,0.024,0.142,0.044,0.022,0.042,0.032,0.252,0.0619542739412134,1,1
"634",0,0.016,0.002,0,0.504,0.492,0,0.228,0.298,0.014,0.362,0.016,0.02,0.134,0.152867749140984,1,1
"635",0.962,0.742,0.748,0.92,0.88,0.924,0.938,0.928,0.856,0.376,0.318,0.424,0.9,0.472,0.753776511561251,2,2
"636",0.004,0.028,0.044,0.044,0.032,0.044,0.136,0.002,0.262,0.06,0,0.044,0.01,0.394,0.0658043913254676,1,1
"637",0.112,0.034,0.028,0.066,0.004,0.014,0.012,0,0.116,0.008,0.034,0,0.018,0.12,0.0364642639169225,1,1
"638",0.048,0.082,0.106,0.07,0.316,0.156,0,0.274,0.378,0.002,0.54,0.208,0.16,0.698,0.197518905665862,1,1
"639",0.002,0.004,0.02,0.17,0.02,0.006,0.004,0.09,0,0.006,0.082,0.076,0.044,0.198,0.0439128381607838,1,1
"640",0.018,0.028,0.002,0.024,0.008,0.014,0.002,0.032,0.002,0.014,0.118,0.09,0.022,0.096,0.0307801386033093,1,1
"641",0,0,0.004,0.024,0.09,0.026,0.142,0.01,0.002,0.042,0.204,0.022,0.012,0.016,0.0452789739729748,1,1
"642",0.984,0.956,0.976,0.956,0.538,0.678,0.982,0.422,0.51,0.958,0.574,0.976,0.984,0.042,0.779328972470486,2,2
"643",0.054,0.026,0.02,0.22,0.212,0.092,0.028,0.094,0.012,0,0.062,0.128,0.176,0.312,0.0917306104586798,1,1
"644",0,0.01,0.016,0,0.478,0.494,0,0.202,0.31,0.004,0.446,0.014,0.094,0.058,0.159777751196227,1,1
"645",0.176,0.006,0.334,0.036,0.12,0.004,0.714,0.25,0.076,0.014,0.014,0.218,0.024,0.106,0.153565187870911,1,1
"646",0.946,0.73,0.798,0.654,0.936,0.966,0.798,0.944,0.986,0.876,0.978,0.95,0.962,0.482,0.878606332085198,2,2
"647",0.848,0.93,0.876,0.8,0.972,0.86,0.92,0.896,0.85,0.934,0.924,0.91,0.936,0.592,0.888868512003528,2,2
"648",0.008,0.064,0.118,0.028,0.05,0.008,0,0.11,0.206,0,0.212,0.02,0,0.332,0.071567118301171,1,1
"649",0.886,0.112,0.934,0.948,0.14,0.92,0.946,0.974,0.982,0.982,0.946,0.964,0.912,0.912,0.827540166767861,2,2
"650",0.198,0.09,0.106,0.222,0.28,0.006,0.006,0.044,0.086,0.106,0.272,0.09,0.016,0.36,0.12189223210682,1,1
"651",0.078,0.066,0.02,0.388,0.118,0.078,0.114,0.006,0.05,0.02,0.202,0.09,0.04,0.24,0.0994023615371162,1,1
"652",0.96,0.704,0.894,0.952,0.988,0.988,0.986,0.99,0.98,0.992,0.966,0.042,0.998,0.64,0.87950027310221,2,2
"653",0.904,0.912,0.96,0.928,0.916,0.952,0.978,0.958,0.992,0.974,0.994,0.93,0.956,0.62,0.941812269308648,2,2
"654",0.696,0.728,0.866,0.834,0.612,0.634,0.706,0.386,0.4,0.928,0.512,0.926,0.942,0.12,0.683204637226613,2,2
"655",0.002,0.002,0.02,0.078,0.51,0.466,0,0.344,0.274,0.002,0.338,0.032,0.002,0.054,0.158704063236067,1,1
"656",0.002,0.054,0.01,0.002,0.546,0.44,0.046,0.258,0.376,0.36,0.624,0.006,0,0.046,0.210948752099419,1,1
"657",0.004,0,0,0.044,0.058,0.018,0.018,0.004,0,0.032,0.002,0.036,0.014,0.154,0.0214479987125227,1,1
"658",0.988,0.866,0.978,0.952,0.966,0.938,0.924,0.9,0.964,0.956,0.924,0.944,0.992,0.64,0.936362050142036,2,2
"659",0.426,0.212,0.324,0.3,0.546,0.626,0.284,0.672,0.808,0.388,0.616,0.202,0.142,0.272,0.427004003638033,1,1
"660",0.642,0.342,0.868,0.866,0.506,0.5,0.012,0.58,0.568,0.372,0.468,0.796,0.05,0.236,0.4841538224076,1,1
"661",0.084,0.698,0.108,0.798,0.716,0.088,0.038,0.706,0.038,0.754,0.016,0.282,0.106,0.58,0.342271297199511,1,1
"662",0.014,0.008,0.06,0.08,0.088,0.062,0.046,0.24,0.23,0.016,0.108,0.182,0.462,0.868,0.147650618318515,1,1
"663",0.06,0.086,0.292,0.228,0.838,0.79,0.172,0.77,0.478,0.474,0.594,0.658,0.018,0.486,0.424570531766737,1,1
"664",0,0.024,0,0.002,0,0,0,0.01,0,0,0.018,0.002,0,0.108,0.00732990173502385,1,1
"665",0.078,0.256,0.12,0.086,0.386,0.054,0.006,0.398,0.01,0.062,0.398,0.54,0.27,0.344,0.208093427712358,1,1
"666",0.022,0.134,0.82,0.79,0.384,0.408,0.87,0.502,0.702,0.892,0.294,0.738,0.956,0.96,0.591772932090564,2,2
"667",0.114,0.888,0.858,0.112,0.938,0.93,0.644,0.744,0.718,0.124,0.04,0.388,0.946,0.932,0.583472795723113,2,1
"668",0.872,0.886,0.88,0.964,0.444,0.434,0.902,0.638,0.654,0.922,0.446,0.944,0.924,0.48,0.750226053888043,2,2
"669",0.936,0.948,0.916,0.906,0.854,0.96,0.584,0.932,0.926,0.878,0.864,0.902,0.958,0.674,0.880804038254588,2,2
"670",0.106,0.364,0.346,0.126,0.092,0.088,0.01,0.118,0.034,0.066,0.15,0.414,0.04,0.4,0.15130585448235,1,1
"671",0.906,0.868,0.946,0.992,0.992,0.99,0.98,0.986,0.988,0.982,0.986,0.978,0.984,0.388,0.951485434040647,2,2
"672",0.798,0.232,0.268,0.78,0.046,0.836,0.046,0.89,0.878,0.128,0.838,0.204,0.132,0.052,0.456021789780235,1,1
"673",0.09,0.018,0.28,0,0.058,0.022,0.082,0.168,0.032,0,0.118,0.194,0.02,0.096,0.0819261122284987,1,1
"674",0.076,0.028,0.12,0.072,0.42,0.012,0.012,0.054,0.1,0.034,0.564,0.048,0.02,0.452,0.129931369813156,1,1
"675",0.782,0.796,0.866,0.976,0.982,0.966,0.994,0.962,0.98,0.978,0.986,0.976,0.97,0.636,0.93289161320237,2,2
"676",0.916,0.752,0.818,0.862,0.294,0.736,0.682,0.864,0.93,0.806,0.856,0.84,0.792,0.488,0.772232473327154,2,2
"677",0.944,0.332,0.946,0.884,0.982,0.91,0.852,0.832,0.882,0.838,0.95,0.262,0.924,0.938,0.818527011339078,2,2
"678",0.084,0.242,0.21,0.042,0.078,0.076,0.71,0.7,0.752,0.464,0.152,0.102,0.042,0.338,0.29342050018845,1,1
"679",0.152,0.15,0.37,0.436,0.01,0.712,0.172,0.356,0.328,0.028,0.036,0.046,0.188,0.19,0.225850631724709,1,1
"680",0.83,0.324,0.844,0.932,0.782,0.632,0.842,0.334,0.442,0.854,0.5,0.312,0.144,0.242,0.582481636788199,2,1
"681",0.54,0.586,0.272,0.584,0.338,0.378,0.728,0.53,0.648,0.034,0.508,0.22,0.688,0.63,0.473972961185351,1,1
"682",0.074,0.01,0.014,0.014,0.108,0.064,0.048,0.07,0.036,0.03,0.356,0.024,0.02,0.61,0.0845259797750102,1,1
"683",0.342,0.024,0.056,0.352,0.072,0.164,0.062,0.068,0.08,0.002,0.05,0.136,0.064,0.7,0.127318354362692,1,1
"684",0.954,0.992,0.952,0.926,0.878,0.942,0.938,0.978,0.918,0.978,0.986,0.974,0.848,0.674,0.935184023425312,2,2
"685",0.98,0.898,0.774,0.32,0.558,0.512,0.048,0.56,0.798,0.022,0.648,0.892,0.958,0.92,0.615184537306478,2,1
"686",0.916,0.888,0.954,0.894,0.976,0.98,0.898,0.974,0.978,0.962,0.99,0.95,0.98,0.136,0.926322270724028,2,2
"687",0.936,0.838,0.832,0.872,0.604,0.552,0.848,0.616,0.79,0.916,0.672,0.352,0.728,0.424,0.725758596220434,2,2
"688",0.992,0.98,0.964,0.974,0.976,0.996,0.892,0.988,0.988,0.984,0.998,0.96,1,0.354,0.957926992645552,2,2
"689",0.02,0.014,0.25,0.296,0.004,0.084,0.012,0.086,0.018,0.414,0.33,0.406,0.514,0.904,0.208875137086116,1,1
"690",0,0.048,0.126,0.016,0.518,0.486,0.006,0.202,0.29,0.006,0.318,0.074,0,0.022,0.157676416159125,1,1
"691",0.03,0.654,0.058,0.52,0.366,0.954,0.756,0.062,0.242,0.786,0.832,0.124,0.514,0.622,0.466005845046222,1,1
"692",0.004,0.112,0.262,0.546,0.092,0.09,0.09,0.042,0.116,0.906,0.806,0.308,0.128,0.694,0.281918648725562,1,1
"693",0,0.004,0.01,0,0.008,0.026,0.002,0.068,0.004,0.014,0.03,0.018,0.002,0.076,0.0165079227172037,1,1
"694",0.982,0.966,0.952,0.982,0.978,0.992,0.964,0.99,0.988,0.974,0.974,0.984,0.996,0.568,0.966859214981832,2,2
"695",0.2,0.084,0.006,0.066,0.172,0.168,0.066,0.018,0.124,0.002,0.024,0.036,0.036,0.096,0.0773435383515181,1,1
"696",0.268,0.084,0.12,0.054,0.062,0.03,0.15,0.028,0.132,0.052,0.114,0.172,0.394,0.166,0.129977588542137,1,1
"697",0.432,0.024,0.26,0.186,0.04,0.16,0.112,0.182,0.082,0.108,0.282,0.84,0.02,0.398,0.210867467765804,1,1
"698",0.35,0.168,0.85,0.622,0.476,0.514,0.038,0.504,0.57,0.052,0.572,0.086,0.054,0.248,0.361753474960987,1,1
"699",0.024,0.284,0.29,0.118,0.376,0.128,0.988,0.952,0.136,0.968,0.922,0.892,0.912,0.856,0.562832361241214,2,2
"700",0.04,0.082,0.01,0.362,0.218,0.002,0.038,0.058,0.07,0.062,0.008,0.028,0.02,0.49,0.0859362911092184,1,1
"701",0.108,0.93,0.954,0.29,0.04,0.314,0.12,0.028,0.3,0.288,0.11,0.24,0.004,0.578,0.281781397913481,1,1
"702",0.108,0.184,0.064,0.566,0.66,0.626,0.854,0.67,0.698,0.896,0.598,0.684,0.884,0.928,0.599818792225215,2,2
"703",0.01,0.024,0.06,0.036,0,0.002,0.002,0.002,0.028,0.004,0.028,0.116,0.066,0.042,0.0285172516527514,1,1
"704",0.016,0.09,0.586,0.028,0.248,0.356,0.232,0.364,0.45,0.04,0.23,0.51,0.432,0.818,0.291260315996578,1,1
"705",0.012,0.232,0.682,0.098,0.266,0.106,0.04,0.628,0.164,0.536,0.806,0.23,0.062,0.662,0.307919081879364,1,1
"706",0.01,0.142,0.002,0,0.35,0.532,0.01,0.226,0.288,0.002,0.386,0.022,0.034,0.078,0.154867633019515,1,1
"707",0.04,0.382,0.086,0.012,0.822,0.29,0.012,0.12,0.138,0.104,0.912,0.734,0.93,0.61,0.362539842862814,1,1
"708",0.888,0.562,0.662,0.204,0.336,0.45,0.76,0.57,0.578,0.932,0.404,0.668,0.818,0.568,0.60714703813727,2,2
"709",0.088,0.094,0.03,0.536,0.062,0.214,0.202,0.09,0.038,0.612,0.156,0.156,0.068,0.524,0.19033341591047,1,1
"710",0.178,0.012,0.03,0.024,0.63,0.7,0.014,0.69,0.564,0.116,0.624,0.584,0.234,0.556,0.350994744694908,1,1
"711",0.314,0.114,0.088,0.026,0.67,0.79,0.932,0.554,0.666,0.12,0.832,0.934,0.94,0.892,0.561453216016319,2,2
"712",0.968,0.892,0.98,0.982,0.986,0.996,0.992,0.98,0.99,0.996,0.984,0.988,0.98,0.614,0.967923132832162,2,2
"713",0.014,0.012,0.008,0.024,0,0.116,0.064,0.042,0.032,0.022,0.404,0.034,0.068,0.162,0.069816809470975,1,1
"714",0.006,0.076,0.214,0.006,0,0.02,0.006,0.278,0.02,0.11,0.052,0.022,0.068,0.26,0.0732229107290248,1,1
"715",0.888,0.114,0.722,0.116,0.946,0.326,0.106,0.31,0.874,0.98,0.016,0.078,0.266,0.352,0.439562589255457,1,1
"716",0.99,0.87,0.902,0.93,0.982,0.916,0.964,0.962,0.978,0.974,0.996,0.946,0.894,0.224,0.926459461175757,2,2
"717",0,0.17,0.012,0.122,0.474,0.498,0.002,0.202,0.336,0.218,0.404,0.064,0.168,0.036,0.203409923535695,1,1
"718",0.582,0.088,0.128,0.236,0.046,0.018,0.05,0.022,0.258,0.296,0.112,0.07,0.068,0.212,0.152461817973166,1,1
"719",0.904,0.258,0.038,0.816,0.558,0.716,0.056,0.358,0.56,0.04,0.822,0.3,0.85,0.522,0.484073252702839,1,1
"720",0.944,0.998,0.952,0.958,0.98,0.018,0.312,0.338,0.926,0.992,0.984,0.962,0.974,0.568,0.779933419621449,2,2
"721",0.064,0.258,0.064,0.116,0.444,0.558,0.34,0.59,0.598,0.35,0.46,0.288,0.106,0.762,0.345967873308943,1,1
"722",0.964,1,0.964,0.924,0.924,0.986,0.964,0.972,0.994,0.992,0.99,0.848,0.978,0.928,0.961760998016305,2,2
"723",0.72,0.196,0.61,0.658,0.004,0.122,0.044,0.014,0.222,0.818,0.012,0.094,0.012,0.458,0.268130494638894,1,1
"724",0.866,0.302,0.048,0.256,0.63,0.6,0.948,0.568,0.76,0.856,0.818,0.74,0.862,0.268,0.639463829679235,2,2
"725",0,0.22,0.554,0.06,0.588,0.526,0.004,0.234,0.282,0.006,0.358,0.046,0.01,0.006,0.211710236526278,1,1
"726",0.514,0.724,0.41,0.768,0.246,0.284,0.024,0.682,0.024,0.088,0.884,0.226,0.084,0.526,0.37742534167881,1,1
"727",0.004,0,0.056,0.046,0.024,0.024,0.004,0.044,0,0.01,0.158,0.004,0.23,0.034,0.0471008193901908,1,1
"728",0.01,0.098,0.008,0.034,0.008,0.088,0.09,0.006,0.008,0.128,0.178,0.054,0.11,0.114,0.0660718039068517,1,1
"729",0.074,0.122,0.82,0.302,0.638,0.956,0.014,0.816,0.09,0.078,0.12,0.596,0.75,0.4,0.40798991197381,1,1
"730",0.038,0.004,0.246,0.12,0.01,0.006,0.622,0.01,0.026,0.064,0.012,-1,0.044,0.516,0.106671533064164,1,1
"731",0.004,0.018,0.106,0.002,0.466,0.372,0.018,0.228,0.222,0.356,0.386,0.002,0.004,0.022,0.167407098602099,1,1
"732",0.528,0.036,0.422,0.018,0.14,0.178,0.302,0.402,0.296,0.124,0.29,0.246,0.496,0.586,0.280226159623784,1,1
"733",0.016,0.048,0.022,0.076,0.53,0.466,0.056,0.258,0.358,0.012,0.312,0.014,0.042,0.032,0.168745967627915,1,1
"734",0.228,0.25,0.262,0.1,0.286,0.342,0.072,0.54,0.452,0.09,0.4,0.15,0.666,0.686,0.311151877936339,1,1
"735",0.416,0.574,0.79,0.804,0.052,0.28,0.072,0.034,0.084,0.59,0.634,0.056,0.062,0.538,0.336186667775878,1,1
"736",0.002,0.076,0.006,0.028,0.006,0.002,0.116,0.018,0.004,0.052,0.132,0.01,0.024,0.098,0.0395152825104906,1,1
"737",0.422,0.696,0.41,0.074,0.802,0.852,0.268,0.718,0.608,0.014,0.47,0.548,0.03,0.074,0.442000768039137,1,1
"738",0.244,0.03,0.014,0.584,0.098,0.062,0.004,0.178,0.022,0.048,0.028,0.026,0.092,0.224,0.109168590939962,1,1
"739",0.756,0.208,0.47,0.574,0.086,0.284,0.03,0.39,0.028,0.668,0.208,0.208,0.178,0.582,0.317136459536685,1,1
"740",0.046,0.02,0.064,0.054,0.018,0.36,0.034,0.272,0.01,0.006,0.018,0.04,0.116,0.176,0.0853235809928369,1,1
"741",0.028,0.038,0.032,0,0.032,0.008,0.01,0.006,0,0.052,0.066,0.028,0.026,0.226,0.0310121493950328,1,1
"742",0.154,0.242,0.084,0.144,0.546,0.588,0.008,0.466,0.64,0.008,0.612,0.312,0.256,0.364,0.317092593370564,1,1
"743",0.002,0.076,0.156,0.506,0.346,0.328,0.66,0.062,0.56,0.77,0.374,0.25,0.134,0.53,0.336350093640629,1,1
"744",0,0.046,0.002,0.008,0.438,0.532,0.008,0.216,0.386,0.048,0.438,0.004,0.004,0.166,0.167789969796231,1,1
"745",0.014,0.608,0.016,0.342,0.082,0.114,0.154,0.456,0.618,0.328,0.61,0.056,0.356,0.288,0.293804646185986,1,1
"746",0.322,0.054,0.016,0.018,0.004,0.008,0.004,0,0.004,0.002,0.014,0.018,0.1,0.394,0.053226447271674,1,1
"747",0.946,0.134,0.806,0.328,0.924,0.916,0.896,0.798,0.982,0.988,0.95,0.932,0.994,0.486,0.815639802631158,2,2
"748",0.022,0.006,0.004,0.018,0.052,0.002,0.016,0.024,0.042,0.01,0.118,0.004,0.02,0.082,0.0282808090655883,1,1
"749",0.77,0.884,0.728,0.854,0.864,0.802,0.918,0.814,0.93,0.122,0.894,0.942,0.798,0.75,0.79019209248989,2,2
"750",0.866,0.9,0.93,0.964,0.914,0.932,0.894,0.864,0.926,0.924,0.914,0.734,0.986,0.468,0.891213182929496,2,2
"751",0.026,0.03,0.088,0.794,0.198,0.714,0.002,0.08,0.114,0.224,0.652,0.074,0.068,0.67,0.244951715500938,1,1
"752",0,0.06,0.01,0.002,0.466,0.476,0.004,0.234,0.328,0.004,0.378,0.002,0.002,0.068,0.15187847196248,1,1
"753",0.27,0.392,0.022,0.38,0.068,0.086,0.346,0.016,0.042,0.232,0.826,0.632,0.256,0.57,0.282877711201435,1,1
"754",0.978,0.952,0.928,0.97,0.996,0.998,0.988,0.984,0.996,0.99,0.996,0.97,0.996,0.298,0.961203501558585,2,2
"755",0.296,0.268,0.878,0.926,0.934,0.954,0.976,0.974,0.99,0.94,0.912,0.97,0.968,0.65,0.844725618256349,2,1
"756",0,0.02,0.012,0.008,0.434,0.564,0.032,0.3,0.284,0.022,0.432,0.004,0.014,0.104,0.165840561369134,1,1
"757",0,0.002,0.008,0,0,0.01,0,0.004,0,0.006,0.09,0,0.004,0.036,0.0106419202211513,1,1
"758",0.15,0.1,0.004,0.202,0.36,0.012,0.16,0.102,0.542,0.238,0.62,0.536,0.276,0.234,0.256723444313415,1,1
"759",0.002,0.04,0.174,0.014,0.022,0.008,0.05,0.094,0.014,0.006,0.322,0.062,0.024,0.06,0.0638351659924859,1,1
"760",0.9,0.076,0.884,0.914,0.904,0.862,0.928,0.924,0.84,0.158,0.048,0.156,0.88,0.184,0.638421387532933,2,2
"761",0.292,0.15,0.518,0.502,0.344,0.03,0.032,0.798,0.002,0.012,0.748,0.228,0.848,0.246,0.342719595277502,1,1
"762",0.98,0.902,0.864,0.934,0.77,0.76,0.962,0.498,0.722,0.956,0.686,0.92,0.736,0.242,0.801586178256994,2,2
"763",0.01,0.016,0.152,0.022,0.052,0.004,0.064,0.082,0.018,0.034,0.37,0.022,0.052,0.252,0.0752756961448601,1,1
"764",0.468,0.09,0.02,0.022,0.078,0.128,0.014,0.142,0.136,0.116,0.208,0,0.002,0.632,0.126177774975716,1,1
"765",0.982,0.846,0.962,1,0.99,0.988,0.976,0.966,0.948,0.992,0.908,0.296,0.036,0.626,0.829973104377935,2,2
"766",0.946,0.982,0.942,0.89,0.956,0.974,0.976,0.878,0.954,0.98,0.978,0.838,0.934,0.934,0.941359177450559,2,2
"767",0.66,0.31,0.114,0.27,0.294,0.14,0.27,0.052,0.968,0.014,0.106,0.114,0.29,0.698,0.290661471308337,1,1
"768",0.352,0.954,0.93,0.954,0.632,0.492,0.98,0.49,0.542,0.956,0.528,0.672,0.864,0.198,0.700119544062758,2,1
"769",0.068,0.01,0.074,0,0,0,0.006,0.002,0.014,0,0.022,0.024,0.088,0.17,0.0276527255672465,1,1
"770",0.38,0.288,0.074,0.158,0.15,0.004,0.004,0.108,0.69,0.04,0.324,0.126,0.65,0.53,0.242330269190496,1,1
"771",0.956,0.86,0.87,0.856,0.972,0.952,0.896,0.92,0.996,0.972,0.992,0.966,0.96,0.294,0.919025651242728,2,2
"772",0.954,0.93,0.87,0.942,0.43,0.536,0.948,0.688,0.73,0.966,0.594,0.96,0.952,0.45,0.795207403233834,2,2
"773",0.072,0.246,0.296,0.7,0.132,0.436,0.516,0.536,0.628,0.574,0.486,0.266,0.662,0.672,0.439576121312473,1,1
"774",0,0.032,0.376,0.002,0.426,0.488,0.002,0.2,0.204,0.002,0.342,0.022,0,0,0.155307698867587,1,1
"775",0.044,0.116,0.014,0.408,0.138,0.292,0.832,0.116,0.028,0.14,0.088,0.002,0.006,0.282,0.177803599958177,1,1
"776",0.014,0.192,0,0.174,0.05,0.026,0.012,0.156,0.074,0.018,0.128,0.018,0.016,0.182,0.0700889765710902,1,1
"777",0.004,0.134,0,0.004,0.378,0.502,0.018,0.204,0.308,0.002,0.402,0,0.134,0.044,0.160906789303088,1,1
"778",0.918,0.968,0.93,0.96,0.95,0.962,0.994,0.982,0.976,0.994,0.96,0.982,0.976,0.502,0.952823075777753,2,2
"779",0.164,0.024,0.122,0.174,0.164,0.078,0.154,0.076,0.346,0.566,0.008,0.12,0.116,0.424,0.17261074086884,1,1
"780",0.068,0.1,0.016,0.002,0.64,0.628,0.148,0.374,0.142,0.03,0.172,-1,0.156,0.616,0.206686753180216,1,1
"781",0.188,0.02,0.03,0.158,0.266,0.006,0.014,0.23,0.09,0.166,0.288,0.23,0.06,0.2,0.136635018314489,1,1
"782",0.116,0.118,0.326,0.932,0.04,0.982,0.306,0.912,0.96,0.974,0.972,0.99,0.116,0.598,0.599831246758267,2,1
"783",0,0.012,0.002,0.002,0.46,0.514,0,0.194,0.308,0,0.402,0.006,0,0.06,0.146794117289925,1,1
"784",0.034,0.06,0.024,0.024,0.004,0.018,0.004,0.018,0.022,0.008,0.122,0.03,0.066,0.276,0.0406344734116668,1,1
"785",0.386,0.006,0.494,0.188,0.134,0.168,0.124,0.094,0.096,0.12,0.006,0.014,0.246,0.41,0.16345394901132,1,1
"786",0.432,0.412,0.726,0.396,0.508,0.604,0.252,0.732,0.756,0.018,0.786,0.476,0.034,0.386,0.465427385577124,1,1
"787",0.346,0.882,0.322,0.742,0.04,0.022,0.998,0.536,0.99,0.992,0.958,0.998,0.986,0.48,0.680583183454588,2,1
"788",0.112,0.138,0.096,0.14,0.548,0.4,0.068,0.398,0.498,0.878,0.588,0.454,0.822,0.834,0.417706168875787,1,1
"789",0,0.022,0.056,0.006,0.532,0.422,0.008,0.27,0.288,0.194,0.548,0.006,0.004,0.004,0.180283594424473,1,1
"790",0.02,0.158,0.114,0.028,0.018,0.002,0.054,0.026,0.066,0.036,0.314,0.056,0.078,0.204,0.0785140069256884,1,1
"791",0.984,1,0.974,0.982,0.958,0.952,0.994,0.968,1,0.996,1,0.986,0.988,0.152,0.959050855957553,2,2
"792",0.92,0.876,0.804,0.844,0.954,0.946,0.918,0.762,0.962,0.864,0.736,0.734,0.928,0.894,0.867236017026609,2,2
"793",0,0,0,0.39,0,0.004,0,0.268,0.002,0.026,0.298,0.042,0.002,0.036,0.0771301791784834,1,1
"794",0.122,0.512,0.71,0.24,0.566,0.436,0.124,0.472,0.512,0.18,0.668,0.478,0.012,0.46,0.383653506037643,1,1
"795",0,0.022,0.006,0.002,0.318,0.544,0.002,0.258,0.278,0.016,0.374,0.002,0.002,0.064,0.141646939773765,1,1
"796",0.786,0.932,0.366,0.932,0.926,0.026,0.972,0.956,0.152,0.974,0.13,0.794,0.048,0.92,0.619827058044255,2,1
"797",0.754,0.23,0.43,0.078,0.78,0.764,0.678,0.126,0.804,0.806,0.762,0.522,0.246,0.68,0.548004063147416,2,1
"798",0.104,0.332,0.856,0.84,0.936,0.96,0.996,0.956,0.978,0.986,0.99,0.016,0.056,0.298,0.687548495924602,2,1
"799",0.058,0.57,0.992,0.93,0.752,0.724,0.004,0.422,0.558,0.076,0.622,0.072,0.892,0.24,0.494699050273572,1,1
"800",0.756,0.736,0.714,0.842,0.842,0.904,0.148,0.314,0.532,0.288,0.58,0.084,0.732,0.542,0.565562215004849,2,1
"801",0.016,0.368,0.342,0.394,0.488,0.324,0.438,0.162,0.302,0.082,0.284,0.32,0.51,0.392,0.310973554773635,1,1
"802",0,0.02,0.184,0,0.342,0.492,0.004,0.196,0.212,0.004,0.568,0.664,0.006,0.02,0.200738109324083,1,1
"803",0,0.158,0.006,0.038,0.456,0.544,0.004,0.2,0.318,0,0.414,0.07,0.024,0.022,0.169411734646791,1,1
"804",0.12,0.034,0.014,0.056,0.126,0.108,0.064,0.13,0.008,0.054,0.004,0.006,0.122,0.274,0.0721471737236838,1,1
"805",0.992,0.978,0.966,0.972,0.992,0.972,0.97,0.8,0.968,0.97,0.97,0.97,0.958,0.874,0.956290330755209,2,2
"806",0.004,0,0.046,0.122,0.31,0.036,0.07,0.026,0.064,0,0.644,0.064,0.242,0.12,0.127242588898746,1,1
"807",0.832,0.942,0.942,0.874,0.97,0.888,0.998,0.97,0.978,0.974,0.98,0.83,0.762,0.744,0.914586071182728,2,2
"808",0.062,0.04,0.09,0.086,0.048,0.068,0,0.028,0.064,0.04,0.092,0.042,0.014,0.224,0.0557841274981622,1,1
"809",0.6,0.662,0.226,0.7,0.378,0.324,0.008,0.558,0.322,0.346,0.188,0.366,0.074,0.576,0.364344892563705,1,1
"810",0,0.058,0.324,0.008,0.046,0,0.004,0.008,0.016,0.02,0.232,0.028,0.032,0.05,0.0569453082532181,1,1
"811",0.026,0.036,0.498,0.194,0.31,0.476,0.436,0.18,0.44,0.086,0.13,0.078,0.166,0.216,0.234785790070962,1,1
"812",0.504,0.928,0.882,0.1,0.292,0.374,0.046,0.958,0.04,0.866,0.116,0.32,0.292,0.464,0.435861806121093,1,1
"813",0.16,0.054,0.022,0.068,0.046,0.01,0.022,0.008,0.004,0.032,0.002,0.118,0.016,0.83,0.0649648581243721,1,1
"814",0,0.04,0.042,0.006,0.492,0.484,0.002,0.218,0.314,0.058,0.426,0,0.032,0.042,0.162318261029257,1,1
"815",0.158,0.692,0.092,0.6,0.082,0.31,0.01,0.848,0.34,0.086,0.006,0.226,0.242,0.274,0.280458583866133,1,1
"816",0.016,0.116,0.826,0.592,0.856,0.874,0,0.766,0.812,0.038,0.824,0.272,0.834,0.322,0.517665911161633,2,1
"817",0.336,0.32,0.256,0.228,0.016,0.112,0.304,0.768,0.05,0.24,0.768,0.846,0.266,0.648,0.357570942818841,1,1
"818",0.104,0.03,0.022,0.222,0.032,0.064,0.008,0.112,0.038,0.006,0.076,0.016,0.01,0.172,0.058919817505099,1,1
"819",0.024,0.132,0.13,0.062,0.124,0.006,0.014,0.002,0.004,0.002,0.092,0.334,0.13,0.118,0.0793214025595934,1,1
"820",0.004,0.024,0.808,0.01,0.736,0.42,0.268,0.45,0.46,0.25,0.482,0.008,0.004,0.064,0.294916901751311,1,1
"821",0.206,0.016,0.03,0.058,0.01,0.068,0.008,0.056,0.054,0.006,0.004,0.032,0.002,0.132,0.0443205760075406,1,1
"822",0.998,0.942,0.926,0.926,0.832,0.738,0.988,0.682,0.686,0.986,0.866,0.986,0.992,0.476,0.874434848307644,2,2
"823",0.264,0.354,0.564,0.77,0.556,0.524,0.796,0.598,0.702,0.042,0.462,0.122,0.882,0.384,0.509168099655357,2,1
"824",0.196,0.24,0.118,0.83,0.622,0.48,0.026,0.538,0.516,0.306,0.394,0.972,0.356,0.948,0.440498151670023,1,1
"825",0.236,0.22,0.688,0.066,0.102,0.136,0.038,0.322,0.076,0.252,0.006,0.116,0.094,0.428,0.182905987492516,1,1
"826",0.962,0.976,0.956,0.972,0.78,0.79,0.986,0.72,0.842,0.984,0.846,0.864,0.976,0.17,0.873804180854461,2,2
"827",0.012,0.016,0,0.024,0.002,0,0.014,0.012,0.004,0,0.008,0.038,0.02,0.178,0.0162692360404735,1,1
"828",0.156,0.16,0.058,0.03,0,0.002,0.01,0.116,0.058,0.078,0.086,0.026,0.052,0.324,0.0715845220298517,1,1
"829",0,0.006,0.002,0,0.316,0.576,0.002,0.238,0.28,0.002,0.374,0,0,0.012,0.138023898350977,1,1
"830",0.068,0.182,0.26,0.344,0.34,0.132,0.352,0.472,0.758,0.716,0.614,0.162,0.674,0.48,0.402288326360987,1,1
"831",0.054,0.004,0.032,0.078,0.02,0.014,0.24,0.032,0.014,0.012,0.032,0.024,0.004,0.124,0.046429808727189,1,1
"832",0.942,0.014,0.256,0.924,0.942,0.982,0.988,0.998,0.986,0.982,0.936,0.098,0.326,0.784,0.735898595442193,2,2
"833",0.938,0.948,0.978,0.896,0.96,0.954,0.866,0.986,0.964,0.97,0.956,0.992,0.958,0.316,0.932390008263356,2,2
"834",0.388,0.074,0.002,0.592,0.026,0.024,0.14,0.346,0.116,0.458,0.114,0.036,0.044,0.16,0.180781424144046,1,1
"835",0.118,0.728,0.072,0.77,0.198,0.33,0.272,0.562,0.382,0.244,0.222,0.262,0.214,0.668,0.343228542757772,1,1
"836",0.518,0.998,0.988,0.992,0.994,0.996,1,0.998,1,0.998,0.968,0.994,0.998,0.574,0.946487750945192,2,2
"837",0.604,0.536,0.82,0.896,0.234,0.89,0.804,0.806,0.89,0.862,0.886,0.02,0.51,0.828,0.68265026440027,2,1
"838",0.982,0.994,0.92,0.942,0.986,0.968,0.992,0.984,0.984,0.994,0.984,0.992,0.992,0.476,0.964300988182277,2,2
"839",0.002,0.078,0.206,0.042,0.296,0.006,0.118,0.006,0.196,0.032,0.598,0.01,0.042,0.126,0.126503669941037,1,1
"840",0.016,0.178,0.4,0.304,0.072,0.168,0.206,0.08,0.014,0.5,0.648,0.11,0.042,0.2,0.209400939628695,1,1
"841",0.136,0.194,0.016,0.27,0.612,0.372,0.024,0.796,0.3,0.132,0.244,-1,0.076,-1,0.239786220025804,1,1
"842",0.026,0.092,0.34,0.102,0.08,0.732,0.11,0.032,0.334,0.006,0.082,0.17,0.008,0.692,0.175795294184558,1,1
"843",0.3,0.318,0.034,0.902,0.932,0.936,0.824,0.868,0.97,0.97,0.982,0.902,0.878,0.454,0.758316331881395,2,2
"844",0.002,0.004,0.226,0.07,0.024,0.03,0.072,0.042,0.002,0,0.142,0.02,0.082,0.134,0.0561250239627192,1,1
"845",0.986,0.356,0.984,0.96,0.83,0.74,0.978,0.442,0.622,0.97,0.706,0.942,0.962,0.428,0.792948604120716,2,2
"846",0.13,0.176,0.466,0.122,0.248,0.288,0.058,0.484,0.47,0.024,0.274,0.06,0.026,0.164,0.214750924274843,1,1
"847",0.134,0.09,0.028,0.11,0.606,0.568,0.354,0.558,0.712,0.108,0.604,0.076,0.086,0.794,0.333226189022093,1,1
"848",0,0.02,0.008,0.052,0.008,0.004,0.002,0,0.158,0.052,0.28,0.11,0.016,0.056,0.0555678314959212,1,1
"849",0.144,0.058,0.16,0.14,0.766,0.076,0.748,0.102,0.346,0.124,0.778,0.154,0.44,0.22,0.315674212585067,1,1
"850",0.002,0.076,0.11,0.052,0.068,0.018,0.008,0.052,0.012,0.04,0.226,0.008,0,0.072,0.0516572946782449,1,1
"851",0.988,0.85,0.972,0.846,0.996,0.942,0.988,0.99,0.992,0.998,0.978,0.928,0.258,0.63,0.892830421003885,2,2
"852",0.872,0.964,0.928,0.906,0.976,0.992,0.988,0.928,0.962,0.992,0.976,0.98,0.99,0.538,0.946859658875507,2,2
"853",0.312,0.114,0.172,0.178,0.238,0.058,0.134,0.072,0.014,0.38,0.62,0.026,0.406,0.194,0.211954106937622,1,1
"854",0.006,0.104,0.024,0.034,0.134,0.222,0.056,0.028,0.002,0.078,0.662,0.016,0.002,0.194,0.110080076552921,1,1
"855",0.982,0.922,0.828,0.918,0.978,0.986,0.94,0.926,0.96,0.966,0.994,0.972,0.992,0.162,0.929638964247213,2,2
"856",0.012,0.004,0.002,0.02,0,0,0.018,0.012,0.004,0.012,0.03,0.224,0.032,0.59,0.0443335953361747,1,1
"857",0.012,0.04,0.032,0.172,0.034,0,0.192,0.1,0.004,0.012,0.01,0.158,0.094,0.292,0.0725233575783064,1,1
"858",0.002,0.302,0.024,0.006,0.008,0.04,0.01,0.008,0.014,0.06,0.378,0.042,0.268,0.306,0.0969861712809758,1,1
"859",0.724,0.04,0.57,0.178,0.786,0.118,0.984,0.888,0.362,0.886,0.034,0.738,0.34,0.142,0.507361112397248,2,1
"860",0.176,0.338,0.936,0.862,0.9,0.048,0.956,0.948,0.934,0.938,0.662,0.312,0.66,0.348,0.661962553422576,2,2
"861",0.01,0.028,0.056,0.048,0.006,0.018,0,0.212,0.104,0.02,0.308,0.006,0.01,0.238,0.0703343010128571,1,1
"862",0.168,0.206,0.37,0.382,0.15,0.164,0.144,0.282,0.456,0.056,0.162,0.028,0.03,0.822,0.214992611435907,1,1
"863",0.06,0.264,0.278,0.028,0.398,0.34,0.174,0.614,0.564,0.212,0.3,0.176,0.066,0.462,0.27661904575699,1,1
"864",0.054,0.014,0.006,0.054,0.002,0.006,0.024,0.382,0.008,0.018,0.006,0.012,0.014,0.366,0.0572070530390781,1,1
"865",0.178,0.266,0.082,0.706,0.546,0.612,0.038,0.732,0.616,0.2,0.378,0,0.266,0.45,0.359243119417535,1,1
"866",0.06,0.342,0.842,0.726,0.408,0.128,0.05,0.266,0.02,0.906,0.986,0.854,0.028,0.358,0.419311165846296,1,1
"867",0,0.018,0.018,0.064,0.044,0.672,0.632,0.658,0.056,0.002,0.154,0.002,0.018,0.236,0.190038965362946,1,1
"868",0.95,1,0.978,0.952,0.984,0.972,0.982,0.998,0.984,1,0.954,0.958,1,0.59,0.966957082235276,2,2
"869",0.098,0.18,0.62,0.444,0.704,0.854,0.986,0.782,0.334,0.978,0.88,0.944,0,0.876,0.613594984278701,2,1
"870",0.018,0.036,0.008,0.096,0.088,0.042,0.006,0.006,0.012,0.01,0.096,0.018,0.022,0.23,0.0402619795543913,1,1
"871",0.024,0.002,0.08,0.302,0.02,0.218,0.028,0.07,0,0.006,0,0.114,0,0.018,0.0617770781403897,1,1
"872",0,0.33,0.03,0.002,0.492,0.514,0.056,0.232,0.382,0.01,0.388,0.042,0,0,0.187044145159795,1,1
"873",0.278,0.236,0.174,0.294,0.072,0.152,0.062,0.306,0.012,0.126,0.058,0.152,0.004,0.396,0.151926151290515,1,1
"874",0.096,0.024,0.738,0.086,0.23,0.228,0.014,0.16,0.04,0.004,0.736,0.03,0.826,0.134,0.243032226912077,1,1
"875",0.338,0.042,0.028,0.536,0.046,0.046,0.048,0.774,0.934,0.324,0.102,0.332,0.148,0.45,0.292992122481841,1,1
"876",0.292,0.012,0.148,0.156,0.236,0.134,0.01,0.36,0.37,0.038,0.148,0.01,0.594,0.69,0.210933889605433,1,1
"877",0.17,0.416,0.09,0.16,0.264,0.116,0.314,0.072,0.042,0.016,0.112,0.016,0.008,0.084,0.134960307004735,1,1
"878",0,0.014,0.018,0,0.316,0.614,0.006,0.252,0.274,0,0.386,0.004,0,0.048,0.145580412689471,1,1
"879",0.138,0.18,0.15,0.48,0.494,0.506,0.218,0.576,0.62,0.05,0.546,0.428,0.026,0.756,0.352028872041694,1,1
"880",0,0.094,0.04,0.002,0.456,0.468,0.008,0.216,0.266,0.07,0.428,0.002,0.016,0.056,0.158812270434343,1,1
"881",0,0.044,0.086,0.002,0.432,0.506,0.022,0.196,0.298,0.048,0.434,0.002,0.012,0.04,0.159422584888916,1,1
"882",0.014,0.022,0.012,0.008,0.034,0,0.004,0.052,0.136,0.008,0.022,0.01,0.014,0.252,0.0331025581408428,1,1
"883",0.348,0.058,0.008,0.248,0.022,0.566,0,0.032,0.118,0.02,0.024,0.15,0.262,0.136,0.141396376424424,1,1
"884",0.776,0.854,0.886,0.12,0.334,0.108,0.994,0.906,0.046,0.99,0.124,0.778,0.904,0.886,0.613187403176205,2,1
"885",0.018,0,0.034,0.006,0,0.01,0.024,0.046,0.008,0.004,0.006,0.018,0.008,0.076,0.0158754692497503,1,1
"886",0.476,0.03,0.378,0.018,0.106,0.126,0.928,0.026,0.11,0.064,0.496,0.478,0.002,0.218,0.25110246530309,1,1
"887",0.668,0.072,0.088,0.652,0.428,0.584,0.006,0.934,0.362,0.05,0.312,-1,0.22,-1,0.327382950087994,1,1
"888",0.022,0.068,0.02,0.636,0.296,0.936,0.874,0.902,0.86,0.91,0.942,0.164,0.032,0.71,0.534190965097909,2,2
"889",0.574,0.816,0.128,0.858,0.872,0.804,0.058,0.838,0.93,0.556,0.662,0.116,0.214,0.062,0.555939361309716,2,1
"890",0.942,0.878,0.948,0.936,0.888,0.906,0.912,0.924,0.824,0.902,0.884,0.888,0.866,0.822,0.896601997955288,2,2
"891",0.068,0.054,0.44,0.38,0.08,0.18,0.462,0.422,0.062,0.132,0.628,0.224,0.496,0.684,0.293247414666167,1,1
"892",0.944,0.962,0.97,0.956,0.994,0.994,0.98,0.98,0.966,0.968,0.982,0.972,0.902,0.778,0.961352218171295,2,2
"893",0.542,0.822,0.802,0.854,0.966,0.94,0.984,0.978,0.964,0.984,0.98,0.984,0.94,0.248,0.887760093019351,2,2
"894",0,0.058,0.006,0,0,0.046,0.002,0,0.016,0.004,0.03,0.006,0,0.014,0.0128282667757398,1,1
"895",0.972,0.958,0.944,0.968,0.962,0.964,0.98,0.958,0.998,0.984,0.99,0.958,0.986,0.316,0.95241068151748,2,2
"896",0.304,0.066,0.796,0.834,0.458,0.932,0.932,0.918,0.7,0.96,0.07,0.786,0.086,0.348,0.59622490987095,2,2
"897",0.19,0.288,0.746,0.734,0.882,0.162,0.006,0.108,0.292,0.052,0.024,0.022,0,0.206,0.252949057441174,1,1
"898",0.098,0.302,0.972,0.976,0.992,0.94,1,0.994,0.988,0.992,0.996,0.988,0.996,0.536,0.859394582186752,2,2
"899",0.03,0.054,0.24,0.164,0.18,0.03,0.102,0.118,0.05,0.312,0.75,0.008,0.056,0.35,0.168368909774311,1,1
"900",0.298,0.018,0.034,0.276,0.072,0.808,0.014,0.702,0.242,0.09,0.836,0.282,0.734,0.278,0.344992649502535,1,1
"901",0.956,0.976,0.96,0.938,0.786,0.826,0.918,0.614,0.512,0.862,0.448,0.956,0.998,0.436,0.809688248892399,2,2
"902",0.174,0.598,0.03,0.572,0.434,0.384,0.004,0.528,0.562,0.002,0.404,0.072,0.466,0.224,0.321858841994781,1,1
"903",0.002,0.11,0.314,0.032,0.252,0.006,0,0.046,0.062,0.044,0.122,0.014,0.558,0.296,0.124775999842693,1,1
"904",0.888,0.898,0.93,0.892,0.898,0.924,0.592,0.94,0.914,0.932,0.904,0.914,0.95,0.538,0.878272685281764,2,2
"905",0.192,0.368,0.592,0.596,0.048,0.144,0.008,0.362,0.028,0.08,0.042,0.232,0.046,0.802,0.216745565558633,1,1
"906",0.026,0.072,0.198,0.032,0.022,0.1,0.008,0.002,0.07,0.192,0.018,0.07,0,0.214,0.0652517103912086,1,1
"907",0.288,0.096,0.142,0.09,0.528,0.716,0.02,0.264,0.418,0.86,0.634,-1,0.132,0.454,0.332987641895891,1,2
"908",0,0.026,0.092,0,0.392,0.568,0.056,0.182,0.254,0.004,0.442,0.02,0,0,0.154660489234916,1,1
"909",0.002,0.122,0.638,0.022,0.09,0.258,0.012,0.212,0.184,0.028,0.028,0.048,0.084,0.092,0.127079671986712,1,1
"910",0.088,0.018,0.006,0.14,0.004,0.008,0.036,0.008,0,0.006,0.002,0.218,0.012,0.64,0.0575655671331228,1,1
"911",0.682,0.174,0.048,0.348,0.37,0.592,0.194,0.284,0.45,0.06,0.54,0.086,0.574,0.628,0.351054863413574,1,1
"912",0.674,0.646,0.65,0.668,0.72,0.732,0.034,0.808,0.96,0.968,0.984,0.918,0.914,0.58,0.739708522119425,2,2
"913",0.034,0.106,0.07,0.038,0.106,0.002,0.138,0.136,0.26,0.028,0.478,0.01,0.03,0.328,0.119871241523677,1,1
